{"1emptystar":{"Type":"Default","Script Components":{},"Engine Components":{"Transform":{"position_x":806.3999633789063,"position_y":720.75,"position_z":-207.0,"rotation_x":6.168292045593262,"rotation_y":4.696939945220947,"rotation_z":10.169465065002441,"scale_x":86.4000015258789,"scale_y":81.68499755859375,"scale_z":0.9999991059303284},"Renderable3D":{"model uid":1879123389,"diffuse uid":3786837812,"emissive":0.0,"visible":true,"spritesheetframe":0,"spritesheetcolumns":1,"framerate":1.0},"GUIObject":{"position_x":0.41999998688697815,"position_y":0.75,"z_layer":44,"size_x":0.09000000357627869,"size_y":0.17000000178813934,"size_z":1.0,"fixed_ar":false,"ar":1.0,"active":true}},"Children":{}}}