{"1starbanner":{"Type":"Default","Script Components":{},"Engine Components":{"Transform":{"position_x":979.199951171875,"position_y":566.989990234375,"position_z":-251.0,"rotation_x":0.0,"rotation_y":-0.0,"rotation_z":0.0,"scale_x":672.0,"scale_y":254.6649932861328,"scale_z":1.0},"Renderable3D":{"model uid":1879123389,"diffuse uid":3644882305,"emissive":0.0,"visible":true,"spritesheetframe":0,"spritesheetcolumns":1,"framerate":1.0},"GUIObject":{"position_x":0.5099999904632568,"position_y":0.5899999737739563,"z_layer":0,"size_x":0.699999988079071,"size_y":0.5299999713897705,"size_z":1.0,"fixed_ar":false,"ar":1.0,"active":true}},"Children":{}}}