{"2star":{"Type":"Default","Script Components":{},"Engine Components":{"Transform":{"position_x":979.199951171875,"position_y":739.969970703125,"position_z":-250.0,"rotation_x":0.0,"rotation_y":-0.0,"rotation_z":0.0,"scale_x":86.4000015258789,"scale_y":81.68499755859375,"scale_z":1.0},"Renderable3D":{"model uid":1879123389,"diffuse uid":349082374,"emissive":0.0,"visible":true,"spritesheetframe":0,"spritesheetcolumns":1,"framerate":1.0},"GUIObject":{"position_x":0.5099999904632568,"position_y":0.7699999809265137,"z_layer":1,"size_x":0.09000000357627869,"size_y":0.17000000178813934,"size_z":1.0,"fixed_ar":false,"ar":1.0,"active":true}},"Children":{}}}