{"350Environment":{"Type":"Default","Script Components":{},"Engine Components":{"Transform":{"position_x":55.0,"position_y":-100.0,"position_z":-10.0,"rotation_x":0.0,"rotation_y":-0.0,"rotation_z":0.0,"scale_x":5.0,"scale_y":5.0,"scale_z":5.0}},"Children":{"Ravine":{"Type":"Default","Script Components":{},"Engine Components":{"Transform":{"position_x":8.535643577575684,"position_y":-10.781784057617188,"position_z":8.003694534301758,"rotation_x":0.0,"rotation_y":-0.0,"rotation_z":0.0,"scale_x":350.0,"scale_y":100.0,"scale_z":350.0},"Renderable3D":{"model uid":3181358389,"diffuse uid":2402679919,"emissive":0.0,"visible":true,"spritesheetframe":0,"spritesheetcolumns":1,"framerate":1.0}},"Children":{}},"Throne":{"Type":"Default","Script Components":{},"Engine Components":{"Transform":{"position_x":-20.067543029785156,"position_y":31.617156982421875,"position_z":-11.676749229431152,"rotation_x":0.00006208982813404873,"rotation_y":-58.1066780090332,"rotation_z":-0.000056708271586103365,"scale_x":6.200737953186035,"scale_y":6.200728893280029,"scale_z":6.200737953186035},"Renderable3D":{"model uid":3618645586,"diffuse uid":463957048,"emissive":0.0,"visible":true,"spritesheetframe":0,"spritesheetcolumns":1,"framerate":1.0}},"Children":{"Base":{"Type":"Default","Script Components":{},"Engine Components":{"Transform":{"position_x":-0.08803677558898926,"position_y":-1.7506109476089478,"position_z":0.000004336237907409668,"rotation_x":-2.5078938925560124e-10,"rotation_y":0.00026617172989062965,"rotation_z":1.7472182034516948e-10,"scale_x":0.9879422187805176,"scale_y":0.9999640583992004,"scale_z":0.9145152568817139},"Renderable3D":{"model uid":842303435,"emissive":0.0,"visible":true,"spritesheetframe":0,"spritesheetcolumns":1,"framerate":1.0}},"Children":{}},"firebillboard":{"Type":"Prefab","Transform":{"position_x":0.800000011920929,"position_y":0.15000000596046448,"position_z":0.3499999940395355,"rotation_x":0.0,"rotation_y":0.0,"rotation_z":0.0,"scale_x":0.5,"scale_y":0.5,"scale_z":0.5}},"firebillboard":{"Type":"Prefab","Transform":{"position_x":0.800000011920929,"position_y":0.15000000596046448,"position_z":-0.33000001311302185,"rotation_x":0.0,"rotation_y":0.0,"rotation_z":0.0,"scale_x":0.5,"scale_y":0.5,"scale_z":0.5}},"firebillboard":{"Type":"Prefab","Transform":{"position_x":-0.17000000178813934,"position_y":1.2000000476837158,"position_z":0.800000011920929,"rotation_x":0.0,"rotation_y":0.0,"rotation_z":0.0,"scale_x":1.0,"scale_y":1.0,"scale_z":0.9999999403953552}},"firebillboard":{"Type":"Prefab","Transform":{"position_x":-0.17000000178813934,"position_y":1.2000000476837158,"position_z":-0.75,"rotation_x":0.0,"rotation_y":0.0,"rotation_z":0.0,"scale_x":1.0,"scale_y":1.0,"scale_z":0.9999999403953552}}}},"350House1":{"Type":"Prefab","Transform":{"position_x":-6.932796001434326,"position_y":28.806713104248047,"position_z":-8.75368881225586,"rotation_x":-179.99989318847656,"rotation_y":-35.254737854003906,"rotation_z":-179.99989318847656,"scale_x":1.9999995231628418,"scale_y":2.0,"scale_z":1.9999995231628418}},"350House1":{"Type":"Prefab","Transform":{"position_x":-3.2343268394470215,"position_y":28.782997131347656,"position_z":-5.6244707107543945,"rotation_x":-179.99949645996094,"rotation_y":-71.50942993164063,"rotation_z":179.99949645996094,"scale_x":1.9999945163726807,"scale_y":1.9999998807907104,"scale_z":1.9999945163726807}},"350House1":{"Type":"Prefab","Transform":{"position_x":1.0714092254638672,"position_y":28.730350494384766,"position_z":-4.568566799163818,"rotation_x":0.0,"rotation_y":-85.7527847290039,"rotation_z":0.0,"scale_x":1.9999996423721313,"scale_y":2.0,"scale_z":1.9999996423721313}},"350House3":{"Type":"Prefab","Transform":{"position_x":14.410969734191895,"position_y":30.593521118164063,"position_z":1.6461894512176514,"rotation_x":-179.99989318847656,"rotation_y":-46.52124786376953,"rotation_z":179.99989318847656,"scale_x":10.00001335144043,"scale_y":10.0,"scale_z":10.00001335144043}},"350House2":{"Type":"Prefab","Transform":{"position_x":5.161751747131348,"position_y":30.098413467407227,"position_z":-9.232682228088379,"rotation_x":-179.9996337890625,"rotation_y":-67.94454956054688,"rotation_z":-179.9996337890625,"scale_x":3.0000061988830566,"scale_y":3.0,"scale_z":3.0000061988830566}},"350House2":{"Type":"Prefab","Transform":{"position_x":0.7896938323974609,"position_y":30.225183486938477,"position_z":-11.374537467956543,"rotation_x":-179.999755859375,"rotation_y":-68.15840148925781,"rotation_z":-179.99935913085938,"scale_x":3.000000238418579,"scale_y":3.0,"scale_z":3.000000238418579}},"350House3":{"Type":"Prefab","Transform":{"position_x":-9.971648216247559,"position_y":30.98409652709961,"position_z":-17.38396644592285,"rotation_x":-179.99989318847656,"rotation_y":-72.79483032226563,"rotation_z":179.99989318847656,"scale_x":10.000007629394531,"scale_y":10.0,"scale_z":10.000007629394531}},"350House1":{"Type":"Prefab","Transform":{"position_x":26.239498138427734,"position_y":29.650691986083984,"position_z":11.242095947265625,"rotation_x":-179.99989318847656,"rotation_y":-26.17437171936035,"rotation_z":-179.99989318847656,"scale_x":3.9999992847442627,"scale_y":4.0,"scale_z":4.0}},"350House2":{"Type":"Prefab","Transform":{"position_x":27.724262237548828,"position_y":30.982690811157227,"position_z":18.002817153930664,"rotation_x":179.99989318847656,"rotation_y":-9.057862281799316,"rotation_z":179.99989318847656,"scale_x":3.9999961853027344,"scale_y":4.0,"scale_z":3.9999961853027344}},"350House2":{"Type":"Prefab","Transform":{"position_x":-25.826087951660156,"position_y":31.083839416503906,"position_z":-5.53616189956665,"rotation_x":0.0,"rotation_y":-24.83285903930664,"rotation_z":0.0,"scale_x":3.9999988079071045,"scale_y":4.0,"scale_z":3.9999988079071045}},"350House2":{"Type":"Prefab","Transform":{"position_x":-20.264427185058594,"position_y":31.30674171447754,"position_z":14.533510208129883,"rotation_x":0.0,"rotation_y":29.688152313232422,"rotation_z":0.0,"scale_x":5.000005722045898,"scale_y":5.0,"scale_z":5.000005722045898}},"350House3":{"Type":"Prefab","Transform":{"position_x":-14.25693130493164,"position_y":29.923309326171875,"position_z":26.9476375579834,"rotation_x":0.0,"rotation_y":30.509145736694336,"rotation_z":0.0,"scale_x":10.00001335144043,"scale_y":10.0,"scale_z":10.00001335144043}},"350House1":{"Type":"Prefab","Transform":{"position_x":-24.373580932617188,"position_y":28.45501136779785,"position_z":6.132066249847412,"rotation_x":0.0,"rotation_y":12.963799476623535,"rotation_z":0.0,"scale_x":2.000000476837158,"scale_y":2.0,"scale_z":2.000000476837158}},"350House1":{"Type":"Prefab","Transform":{"position_x":-29.116317749023438,"position_y":29.200000762939453,"position_z":0.684416651725769,"rotation_x":0.0,"rotation_y":-10.10437297821045,"rotation_z":0.0,"scale_x":3.000000238418579,"scale_y":3.0,"scale_z":3.000000238418579}},"350House1":{"Type":"Prefab","Transform":{"position_x":-24.951339721679688,"position_y":28.408960342407227,"position_z":0.979296088218689,"rotation_x":0.0,"rotation_y":-11.131443977355957,"rotation_z":0.0,"scale_x":1.9999977350234985,"scale_y":2.0,"scale_z":1.9999977350234985}},"350House3":{"Type":"Prefab","Transform":{"position_x":-33.4974250793457,"position_y":31.52608871459961,"position_z":3.7030577659606934,"rotation_x":0.0,"rotation_y":-0.0,"rotation_z":0.0,"scale_x":12.0,"scale_y":12.0,"scale_z":12.0}},"350House2":{"Type":"Prefab","Transform":{"position_x":-27.356159210205078,"position_y":30.382831573486328,"position_z":12.791739463806152,"rotation_x":0.0,"rotation_y":46.05687713623047,"rotation_z":0.0,"scale_x":3.999997138977051,"scale_y":4.0,"scale_z":3.999997138977051}},"350House2":{"Type":"Prefab","Transform":{"position_x":7.031380653381348,"position_y":31.545801162719727,"position_z":47.35894775390625,"rotation_x":179.99949645996094,"rotation_y":85.7054443359375,"rotation_z":179.99949645996094,"scale_x":3.999999761581421,"scale_y":4.0,"scale_z":4.0}},"350House1":{"Type":"Prefab",