{"350House3":{"Type":"Default","Script Components":{},"Engine Components":{"Transform":{"position_x":0.0,"position_y":0.0,"position_z":0.0,"rotation_x":0.0,"rotation_y":-0.0,"rotation_z":0.0,"scale_x":2.0,"scale_y":2.0,"scale_z":2.0},"Renderable3D":{"model uid":64870734,"diffuse uid":2130157803,"emissive":0.0,"visible":true,"spritesheetframe":0,"spritesheetcolumns":1,"framerate":1.0}},"Children":{"firebillboard":{"Type":"Prefab","Transform":{"position_x":0.18000000715255737,"position_y":0.019999999552965164,"position_z":0.14000000059604645,"rotation_x":0.0,"rotation_y":0.0,"rotation_z":0.0,"scale_x":0.15000000596046448,"scale_y":0.15000000596046448,"scale_z":0.15000000596046448}},"firebillboard":{"Type":"Prefab","Transform":{"position_x":0.18000000715255737,"position_y":0.019999999552965164,"position_z":-0.10999999940395355,"rotation_x":0.0,"rotation_y":0.0,"rotation_z":0.0,"scale_x":0.15000000596046448,"scale_y":0.15000000596046448,"scale_z":0.15000000596046448}},"firebillboard":{"Type":"Prefab","Transform":{"position_x":0.18000000715255737,"position_y":0.20999999344348907,"position_z":0.9399999976158142,"rotation_x":0.0,"rotation_y":0.0,"rotation_z":0.0,"scale_x":0.30000001192092896,"scale_y":0.30000001192092896,"scale_z":0.30000001192092896}},"firebillboard":{"Type":"Prefab","Transform":{"position_x":0.18000000715255737,"position_y":0.20999999344348907,"position_z":-0.9200000166893005,"rotation_x":0.0,"rotation_y":0.0,"rotation_z":0.0,"scale_x":0.30000001192092896,"scale_y":0.30000001192092896,"scale_z":0.30000001192092896}}}}}