{"350House2":{"Type":"Default","Script Components":{},"Engine Components":{"Transform":{"position_x":0.0,"position_y":0.0,"position_z":0.0,"rotation_x":0.0,"rotation_y":-0.0,"rotation_z":0.0,"scale_x":1.0,"scale_y":1.0,"scale_z":1.0},"Renderable3D":{"model uid":1477289590,"diffuse uid":463957048,"emissive":0.0,"visible":true,"spritesheetframe":0,"spritesheetcolumns":1,"framerate":1.0}},"Children":{"firebillboard":{"Type":"Prefab","Transform":{"position_x":0.550000011920929,"position_y":-0.1899999976158142,"position_z":0.5,"rotation_x":0.00010427407687529922,"rotation_y":0.0,"rotation_z":0.00010427406232338399,"scale_x":0.4000000059604645,"scale_y":0.4000000059604645,"scale_z":0.4000000059604645}},"firebillboard":{"Type":"Prefab","Transform":{"position_x":0.550000011920929,"position_y":-0.1899999976158142,"position_z":-0.10000000149011612,"rotation_x":0.00010427406232338399,"rotation_y":0.0,"rotation_z":0.00010427406232338399,"scale_x":0.4000000059604645,"scale_y":0.4000000059604645,"scale_z":0.4000000059604645}}}}}