{"3star":{"Type":"Default","Script Components":{},"Engine Components":{"Transform":{"position_x":1152.0,"position_y":720.75,"position_z":-233.0,"rotation_x":0.306158185005188,"rotation_y":-7.265011310577393,"rotation_z":-10.168999671936035,"scale_x":86.4000015258789,"scale_y":81.68499755859375,"scale_z":0.9999962449073792},"Renderable3D":{"model uid":1879123389,"diffuse uid":349082374,"emissive":0.0,"visible":true,"spritesheetframe":0,"spritesheetcolumns":1,"framerate":1.0},"GUIObject":{"position_x":0.6000000238418579,"position_y":0.75,"z_layer":18,"size_x":0.09000000357627869,"size_y":0.17000000178813934,"size_z":1.0,"fixed_ar":false,"ar":1.0,"active":true}},"Children":{}}}