{"AttackIndicator":{"Type":"Default","Script Components":{},"Engine Components":{"Transform":{"position_x":0.0,"position_y":2.8347816467285156,"position_z":-3.116240978240967,"rotation_x":0.0,"rotation_y":-0.0,"rotation_z":0.0,"scale_x":0.10000000149011612,"scale_y":0.10000000149011612,"scale_z":0.10000000149011612},"Renderable3D":{"model uid":842303435,"diffuse uid":2803004449,"emissive":0.0}},"Children":{}}}