{"Billboard":{"Type":"Default","Script Components":{},"Engine Components":{"Transform":{"position_x":0.0,"position_y":0.0,"position_z":0.0,"rotation_x":0.00010427406232338399,"rotation_y":0.46056827902793884,"rotation_z":0.00010427406232338399,"scale_x":0.9999997615814209,"scale_y":0.9999634027481079,"scale_z":0.9999997615814209},"Renderable3D":{"model uid":1879123389,"diffuse uid":2531110414,"emissive":0.0},"Transparent":{"facing_horizontal":true}},"Children":{}}}