{"BubbleParticle":{"Type":"Default","Script Components":{"C_BubbleParticle":{"Speed":3.0}},"Engine Components":{"Transform":{"position_x":38.795902252197266,"position_y":-6.889387130737305,"position_z":0.8883044719696045,"rotation_x":-179.99989318847656,"rotation_y":13.477392196655273,"rotation_z":-179.99989318847656,"scale_x":0.19999995827674866,"scale_y":0.2000012993812561,"scale_z":0.19999995827674866},"Renderable3D":{"model uid":1879123389,"diffuse uid":1903244623,"emissive":10.0,"visible":true,"spritesheetframe":0,"spritesheetcolumns":1,"framerate":1.0},"Transparent":{"facing_horizontal":true,"lighting":true}},"Children":{}}}