{"BubbleParticle3D":{"Type":"Default","Script Components":{"C_BubbleParticle":{"Speed":3.0}},"Engine Components":{"Transform":{"position_x":0.0,"position_y":0.0,"position_z":0.0,"rotation_x":-179.99989318847656,"rotation_y":24.24877166748047,"rotation_z":-179.99989318847656,"scale_x":0.999997615814209,"scale_y":0.9999244809150696,"scale_z":0.999997615814209},"Renderable3D":{"model uid":443038008,"diffuse uid":2499382494,"emissive":1.0,"visible":true,"spritesheetframe":0,"spritesheetcolumns":1,"framerate":1.0}},"Children":{}}}