{"Bubble":{"Type":"Default","Script Components":{"C_BubbleParticle":{"Speed":3.0}},"Engine Components":{"Transform":{"position_x":551.3200073242188,"position_y":594.6000366210938,"position_z":-232.0,"rotation_x":0.0,"rotation_y":-0.0,"rotation_z":0.0,"scale_x":18.795000076293945,"scale_y":29.729999542236328,"scale_z":1.0},"Renderable3D":{"model uid":1879123389,"diffuse uid":2094387284,"emissive":0.0,"visible":true,"spritesheetframe":0,"spritesheetcolumns":1,"framerate":1.0},"GUIObject":{"position_x":0.4399999976158142,"position_y":0.6000000238418579,"z_layer":19,"size_x":0.029999999329447746,"size_y":0.05999999865889549,"size_z":1.0,"fixed_ar":false,"ar":1.0,"active":true}},"Children":{}}}