{"BubbleParticle":{"Type":"Default","Script Components":{"C_BubbleParticle":{"Speed":3.0}},"Engine Components":{"Transform":{"position_x":-3.2092208862304688,"position_y":6.009632110595703,"position_z":7.44677734375,"rotation_x":-179.99989318847656,"rotation_y":-66.96532440185547,"rotation_z":-179.99989318847656,"scale_x":0.19999997317790985,"scale_y":0.19998161494731903,"scale_z":0.19999997317790985},"Renderable3D":{"model uid":443038008,"diffuse uid":1903244623,"emissive":0.5,"visible":true,"spritesheetframe":0,"spritesheetcolumns":1,"framerate":1.0}},"Children":{}}}