{"Button2":{"Type":"Default","Script Components":{"C_ButtonOnHoverPopup":{},"C_ActionButton":{}},"Engine Components":{"Transform":{"position_x":0.10000002384185791,"position_y":-0.800000011920929,"position_z":1.0,"rotation_x":0.0,"rotation_y":-0.0,"rotation_z":0.0,"scale_x":0.07999999821186066,"scale_y":0.14222222566604614,"scale_z":0.9992650747299194},"Renderable3D":{"model uid":1879123389,"diffuse uid":791886553,"gui":false},"GUIObject":{"position_x":0.550000011920929,"position_y":0.10000000149011612,"z_layer":0,"size_x":0.07999999821186066,"size_y":0.10000000149011612,"size_z":1.0,"fixed_ar":true,"ar":1.0}},"Children":{}}}