{"Button2":{"Type":"Default","Script Components":{"C_ButtonOnHoverPopup":{}},"Engine Components":{"Transform":{"position_x":0.09999996423721313,"position_y":-0.7999999523162842,"position_z":1.0,"rotation_x":0.0,"rotation_y":-0.0,"rotation_z":0.0,"scale_x":0.07999999076128006,"scale_y":0.1487291008234024,"scale_z":0.999267578125},"Renderable3D":{"model uid":1879123389,"diffuse uid":791886553,"gui":false},"GUIObject":{"position_x":0.550000011920929,"position_y":0.10000000149011612,"z_layer":0,"size_x":0.07999999821186066,"size_y":0.10000000149011612,"size_z":1.0,"fixed_ar":true,"ar":1.0}},"Children":{}}}