{"DicePrefab":{"Type":"Default","Script Components":{},"Engine Components":{"Transform":{"position_x":-2.0728471279144287,"position_y":8.0,"position_z":1.7914278507232666,"rotation_x":40.92664337158203,"rotation_y":54.83172607421875,"rotation_z":-120.71155548095703,"scale_x":0.9999714493751526,"scale_y":0.9998645186424255,"scale_z":0.9999984502792358},"Renderable3D":{"model uid":2123636391,"diffuse uid":2324547998},"RigidDynamic":{"StaticFriction":0.5,"DynamicFriction":0.5,"Restitution":0.5,"x extent":0.9999714493751526,"y extent":0.9998645186424255,"z extent":0.9999984502792358,"scale lock":true,"shapeid":0,"AngularVelocity x":0.0,"AngularVelocity y":0.0,"AngularVelocity z":0.0,"LinearVelocity x":0.0,"LinearVelocity y":0.0,"LinearVelocity z":0.0,"Density":1.0}},"Children":{}}}