{"DicePrefab":{"Type":"Default","Script Components":{},"Engine Components":{"Transform":{"position_x":-4.019840717315674,"position_y":9.549156188964844,"position_z":-0.11834240704774857,"rotation_x":-53.0208625793457,"rotation_y":7.784742832183838,"rotation_z":-111.157958984375,"scale_x":0.9999760389328003,"scale_y":0.9998669028282166,"scale_z":0.9999972581863403},"Renderable3D":{"model uid":2123636391,"diffuse uid":2324547998},"PhysicsMaterial":{"StaticFriction":0.5,"DynamicFriction":0.5,"Restitution":0.20000000298023224},"PhysicsShape":{"x extent":0.9999760389328003,"y extent":0.9998669028282166,"z extent":0.9999972581863403,"scale lock":true},"RigidDynamic":{"AngularVelocity x":0.0,"AngularVelocity y":0.0,"AngularVelocity z":0.0,"LinearVelocity x":0.0,"LinearVelocity y":0.0,"LinearVelocity z":0.0,"Density":1.0}},"Children":{}}}