{"DicePrefab":{"Type":"Default","Script Components":{},"Engine Components":{"Transform":{"position_x":-1.2649801969528198,"position_y":9.110228538513184,"position_z":1.1625844240188599,"rotation_x":-105.9557113647461,"rotation_y":-36.84526062011719,"rotation_z":141.7298126220703,"scale_x":0.9999714493751526,"scale_y":0.999864399433136,"scale_z":0.9999983310699463},"Renderable3D":{"model uid":2123636391,"diffuse uid":888982070},"PhysicsMaterial":{"StaticFriction":0.5,"DynamicFriction":0.5,"Restitution":0.20000000298023224},"PhysicsShape":{"x extent":0.9999714493751526,"y extent":0.999864399433136,"z extent":0.9999983310699463,"scale lock":true},"RigidDynamic":{"AngularVelocity x":0.0,"AngularVelocity y":0.0,"AngularVelocity z":0.0,"LinearVelocity x":0.0,"LinearVelocity y":0.0,"LinearVelocity z":0.0,"Density":1.0}},"Children":{}}}