{"DicePrefabSticker":{"Type":"Default","Script Components":{"C_DiceScript":{"fodder_text":"DiceScript is attached!"}},"Engine Components":{"Transform":{"position_x":-1.2649801969528198,"position_y":9.110228538513184,"position_z":1.1625844240188599,"rotation_x":-105.9557113647461,"rotation_y":-36.84526062011719,"rotation_z":141.7298126220703,"scale_x":0.9999714493751526,"scale_y":0.999864399433136,"scale_z":0.9999983310699463},"Renderable3D":{"model uid":2123636391,"diffuse uid":2130157803},"RigidDynamic":{"StaticFriction":0.5,"DynamicFriction":0.5,"Restitution":0.5,"x extent":0.9999714493751526,"y extent":0.999864399433136,"z extent":0.9999983310699463,"scale lock":true,"shapeid":0,"AngularVelocity x":0.0,"AngularVelocity y":0.0,"AngularVelocity z":0.0,"LinearVelocity x":0.0,"LinearVelocity y":0.0,"LinearVelocity z":0.0,"Density":1.0}},"Children":{"Face1":{"Type":"Default","Script Components":{},"Engine Components":{"Transform":{"position_x":-0.0007910728454589844,"position_y":-1.0074338912963867,"position_z":-0.0001220703125,"rotation_x":-0.00005208170477999374,"rotation_y":0.00003244340041419491,"rotation_z":-0.000009106920515478123,"scale_x":0.7499998807907104,"scale_y":0.9999709129333496,"scale_z":0.75},"Renderable3D":{"model uid":2384383909}},"Children":{}},"Face2":{"Type":"Default","Script Components":{},"Engine Components":{"Transform":{"position_x":1.017549991607666,"position_y":0.0005636215209960938,"position_z":-0.0002903938293457031,"rotation_x":8.53780534271209e-7,"rotation_y":0.000010245385055895895,"rotation_z":89.99993896484375,"scale_x":0.7499926090240479,"scale_y":0.9999920129776001,"scale_z":0.7499998211860657},"Renderable3D":{"model uid":2384383909}},"Children":{}},"Face3":{"Type":"Default","Script Components":{},"Engine Components":{"Transform":{"position_x":-0.011893749237060547,"position_y":0.0024595260620117188,"position_z":-1.000394344329834,"rotation_x":90.0,"rotation_y":0.00043487217044457793,"rotation_z":0.000006830452548456378,"scale_x":0.7499710321426392,"scale_y":0.9997853636741638,"scale_z":0.7499986886978149},"Renderable3D":{"model uid":2384383909}},"Children":{}},"Face4":{"Type":"Default","Script Components":{},"Engine Components":{"Transform":{"position_x":-0.0010714530944824219,"position_y":1.0112881660461426,"position_z":-0.00011777877807617188,"rotation_x":-0.000007683984222239815,"rotation_y":0.0001235134113812819,"rotation_z":0.0,"scale_x":0.7499949932098389,"scale_y":0.9999971389770508,"scale_z":0.7499997019767761},"Renderable3D":{"model uid":2384383909}},"Children":{}},"Face5":{"Type":"Default","Script Components":{},"Engine Components":{"Transform":{"position_x":-1.0303969383239746,"position_y":0.0004062652587890625,"position_z":-0.00017404556274414063,"rotation_x":0.00005378807327360846,"rotation_y":0.000045534849050454795,"rotation_z":90.0,"scale_x":0.7499958276748657,"scale_y":0.9999938011169434,"scale_z":0.7499955892562866},"Renderable3D":{"model uid":2384383909}},"Children":{}},"Face6":{"Type":"Default","Script Components":{},"Engine Components":{"Transform":{"position_x":-0.0013065338134765625,"position_y":0.00035762786865234375,"position_z":1.032721996307373,"rotation_x":90.0,"rotation_y":0.00043487217044457793,"rotation_z":0.000006830452548456378,"scale_x":0.7499710321426392,"scale_y":0.999992311000824,"scale_z":0.7499986886978149},"Renderable3D":{"model uid":2384383909}},"Children":{}}}}}