{
  "DicePrefab": {
    "Type": "Default",
    "Script Components": {
      "C_DiceScript": {
        "fodder_text": "DiceScript is attached!"
      }
    },
    "Engine Components": {
      "Transform": {
        "position_x": -3.733987331390381,
        "position_y": 10.0,
        "position_z": 1.0049999952316284,
        "rotation_x": 0.0,
        "rotation_y": -0.0,
        "rotation_z": 0.0,
        "scale_x": 0.999870240688324,
        "scale_y": 0.999860405921936,
        "scale_z": 0.9999836087226868
      },
      "Renderable3D": {
        "model uid": 2123636391,
        "diffuse uid": 1910749842,
        "emissive": 0.0
      },
      "RigidDynamic": {
        "Active": true,
        "StaticFriction": 0.3,
        "DynamicFriction": 0.1,
        "Restitution": 0.7,
        "x extent": 0.999870240688324,
        "y extent": 0.999860405921936,
        "z extent": 0.9999836087226868,
        "Simulation": true,
        "Trigger": false,
        "Gravity": true,
        "scale lock": true,
        "shapeid": 0,
        "PhysicsTypeid": 1,
        "AngularVelocity x": 0.0,
        "AngularVelocity y": 0.0,
        "AngularVelocity z": 0.0,
        "LinearVelocity x": 0.0,
        "LinearVelocity y": 0.0,
        "LinearVelocity z": 0.0,
        "Density": 1.0
      }
    },
    "Children": {
      "1": {
        "Type": "Default",
        "Script Components": {
        },
        "Engine Components": {
          "Transform": {
            "position_x": -0.00025272369384765625,
            "position_y": 0.00002002716064453125,
            "position_z": 1.0050873756408691,
            "rotation_x": 90.0,
            "rotation_y": -0.000008137518307194114,
            "rotation_z": -0.0002968651824630797,
            "scale_x": 0.6499678492546082,
            "scale_y": 1.0000003576278687,
            "scale_z": 0.6499987840652466
          },
          "Renderable3D": {
            "model uid": 312076022,
            "diffuse uid": 2130157803,
            "emissive": 0.0
          }
        },
        "Children": {
        }
      },
      "2": {
        "Type": "Default",
        "Script Components": {
        },
        "Engine Components": {
          "Transform": {
            "position_x": 0.000030517578125,
            "position_y": 1.004967212677002,
            "position_z": 0.00048732757568359375,
            "rotation_x": 7.801495627290933e-8,
            "rotation_y": -0.00001913820960908197,
            "rotation_z": 0.00008669330418342724,
            "scale_x": 0.649981677532196,
            "scale_y": 0.9999938011169434,
            "scale_z": 0.6499996781349182
          },
          "Renderable3D": {
            "model uid": 312076022,
            "diffuse uid": 2130157803,
            "emissive": 0.0
          }
        },
        "Children": {
        }
      },
      "3": {
        "Type": "Default",
        "Script Components": {
        },
        "Engine Components": {
          "Transform": {
            "position_x": -1.0049943923950195,
            "position_y": -0.00001239776611328125,
            "position_z": 0.0002574920654296875,
            "rotation_x": -8.636640700387943e-7,
            "rotation_y": -0.00003140523403999396,
            "rotation_z": 90.0,
            "scale_x": 0.6499940156936646,
            "scale_y": 0.9999947547912598,
            "scale_z": 0.6499892473220825
          },
          "Renderable3D": {
            "model uid": 312076022,
            "diffuse uid": 2130157803,
            "emissive": 0.0
          }
        },
        "Children": {
        }
      },
      "4": {
        "Type": "Default",
        "Script Components": {
        },
        "Engine Components": {
          "Transform": {
            "position_x": 1.0048503875732422,
            "position_y": 0.0009059906005859375,
            "position_z": -0.000007987022399902344,
            "rotation_x": -0.0000017710849533614237,
            "rotation_y": -0.00005929984399699606,
            "rotation_z": -90.0,
            "scale_x": 0.6500394940376282,
            "scale_y": 1.0000007152557373,
            "scale_z": 0.6499088406562805
          },
          "Renderable3D": {
            "model uid": 527569683,
            "diffuse uid": 2130157803,
            "emissive": 0.0
          }
        },
        "Children": {
        }
      },
      "5": {
        "Type": "Default",
        "Script Components": {
        },
        "Engine Components": {
          "Transform": {
            "position_x": 0.0,
            "position_y": -1.0048866271972656,
            "position_z": 0.00024139881134033203,
            "rotation_x": -179.99989318847656,
            "rotation_y": -0.0,
            "rotation_z": 0.0,
            "scale_x": 0.6500710844993591,
            "scale_y": 1.0002402067184448,
            "scale_z": 0.650001049041748
          },
          "Renderable3D": {
            "model uid": 527569683,
            "diffuse uid": 2130157803,
            "emissive": 0.0
          }
        },
        "Children": {
        }
      },
      "6": {
        "Type": "Default",
        "Script Components": {
        },
        "Engine Components": {
          "Transform": {
            "position_x": 0.0,
            "position_y": 0.0018100738525390625,
            "position_z": -1.0049999952316284,
            "rotation_x": -90.0,
            "rotation_y": -0.0,
            "rotation_z": 0.0,
            "scale_x": 0.6500181555747986,
            "scale_y": 1.000199794769287,
            "scale_z": 0.6500133275985718
          },
          "Renderable3D": {
            "model uid": 527569683,
            "diffuse uid": 2130157803,
            "emissive": 0.0
          }
        },
        "Children": {
        }
      }
    }
  }
}