{"DicePrefab":{"Type":"Default","Script Components":{},"Engine Components":{"Transform":{"position_x":4.615274429321289,"position_y":10.130256652832031,"position_z":2.1846325397491455,"rotation_x":-35.03866195678711,"rotation_y":-12.202038764953613,"rotation_z":38.57991409301758,"scale_x":0.9999748468399048,"scale_y":0.999866247177124,"scale_z":0.9999959468841553},"Renderable3D":{"model uid":2123636391,"diffuse uid":888982070},"PhysicsMaterial":{"StaticFriction":0.5,"DynamicFriction":0.5,"Restitution":0.20000000298023224},"PhysicsShape":{"x extent":0.9999748468399048,"y extent":0.999866247177124,"z extent":0.9999959468841553,"scale lock":true},"RigidDynamic":{"AngularVelocity x":0.0,"AngularVelocity y":0.0,"AngularVelocity z":0.0,"LinearVelocity x":0.0,"LinearVelocity y":0.0,"LinearVelocity z":0.0,"Density":1.0}},"Children":{}}}