{"DoorPrefab":{"Type":"Default","Script Components":{},"Engine Components":{"Transform":{"position_x":-3.9919075965881348,"position_y":5.949169158935547,"position_z":3.520425796508789,"rotation_x":0.0,"rotation_y":-0.0,"rotation_z":0.0,"scale_x":2.0999999046325684,"scale_y":1.899999976158142,"scale_z":2.5},"Renderable3D":{"model uid":322721722,"diffuse uid":3398492983}},"Children":{}}}