{"DustParticle":{"Type":"Default","Script Components":{"C_DustParticle":{"Speed":1.5}},"Engine Components":{"Transform":{"position_x":6.646881103515625,"position_y":2.484300136566162,"position_z":-0.33410653471946716,"rotation_x":-90.0,"rotation_y":-0.0,"rotation_z":0.0,"scale_x":0.09996241331100464,"scale_y":0.10000000149011612,"scale_z":0.10000000149011612},"Renderable3D":{"model uid":443038008,"diffuse uid":1827567325,"emissive":0.0,"visible":true,"spritesheetframe":0,"spritesheetcolumns":1,"framerate":1.0}},"Children":{}}}