{"Env_Flora_1":{"Type":"Default","Script Components":{"C_PS_Emitter":{"EmissionRate":1.5}},"Engine Components":{"Transform":{"position_x":0.0,"position_y":0.0,"position_z":0.0,"rotation_x":0.00010427406232338399,"rotation_y":0.0,"rotation_z":0.00010427406232338399,"scale_x":0.9999915957450867,"scale_y":0.9999149441719055,"scale_z":0.9999915957450867},"Renderable3D":{"model uid":1879123389,"diffuse uid":2046583442,"emissive":0.0},"Transparent":{"facing_horizontal":true}},"Children":{}}}