{"EnvironmentManger":{"Type":"Default","Script Components":{"C_EnvironmentManager":{}},"Engine Components":{},"Children":{"SS_Terrain":{"Type":"Prefab","Transform":{"position_x":10.000000953674316,"position_y":-1.2748453617095947,"position_z":-49.425777435302734,"rotation_x":0.00010427404777146876,"rotation_y":89.99994659423828,"rotation_z":0.00010427401139168069,"scale_x":60.000057220458984,"scale_y":60.0,"scale_z":60.000057220458984},"Renderable3D":{"model uid":185404650,"diffuse uid":2013979416,"specular uid":297623163,"emissive":0.0,"visible":true}},"SS_Terrain":{"Type":"Prefab","Transform":{"position_x":43.07455825805664,"position_y":-1.6398532390594482,"position_z":-2.569441080093384,"rotation_x":0.00010427404777146876,"rotation_y":89.99994659423828,"rotation_z":0.00010427401139168069,"scale_x":60.000057220458984,"scale_y":60.0,"scale_z":60.000057220458984},"Renderable3D":{"model uid":185404650,"diffuse uid":2013979416,"specular uid":297623163,"emissive":0.0,"visible":true}},"SS_Terrain":{"Type":"Prefab","Transform":{"position_x":9.99992847442627,"position_y":0.3941645622253418,"position_z":37.60014343261719,"rotation_x":0.00010427404777146876,"rotation_y":89.99994659423828,"rotation_z":0.00010427401139168069,"scale_x":60.000057220458984,"scale_y":60.0,"scale_z":60.000057220458984},"Renderable3D":{"model uid":185404650,"diffuse uid":2013979416,"specular uid":297623163,"emissive":0.0,"visible":true}},"SS_Terrain":{"Type":"Prefab","Transform":{"position_x":-50.90705490112305,"position_y":1.1702628135681152,"position_z":-7.921388149261475,"rotation_x":0.00010427404777146876,"rotation_y":89.99994659423828,"rotation_z":0.00010427401139168069,"scale_x":60.000057220458984,"scale_y":60.0,"scale_z":60.000057220458984},"Renderable3D":{"model uid":185404650,"diffuse uid":2013979416,"specular uid":297623163,"emissive":0.0,"visible":true}},"Floor1":{"Type":"Default","Script Components":{},"Engine Components":{"Transform":{"position_x":260.0,"position_y":-8.90371036529541,"position_z":-1.1920928955078125e-7,"rotation_x":0.0,"rotation_y":-0.0,"rotation_z":0.0,"scale_x":250.0,"scale_y":10.0,"scale_z":200.0},"Renderable3D":{"model uid":842303435,"diffuse uid":2013979416,"emissive":0.0,"visible":true}},"Children":{}},"Floor2":{"Type":"Default","Script Components":{},"Engine Components":{"Transform":{"position_x":0.0,"position_y":-9.0,"position_z":-262.0,"rotation_x":0.0,"rotation_y":-0.0,"rotation_z":0.0,"scale_x":200.0,"scale_y":10.0,"scale_z":250.0},"Renderable3D":{"model uid":842303435,"diffuse uid":2013979416,"emissive":0.0,"visible":true}},"Children":{}},"Floor3":{"Type":"Default","Script Components":{},"Engine Components":{"Transform":{"position_x":-256.0,"position_y":-9.0,"position_z":0.0,"rotation_x":0.0,"rotation_y":-0.0,"rotation_z":0.0,"scale_x":250.0,"scale_y":10.0,"scale_z":200.0},"Renderable3D":{"model uid":842303435,"diffuse uid":2013979416,"emissive":0.0,"visible":true}},"Children":{}},"Floor4":{"Type":"Default","Script Components":{},"Engine Components":{"Transform":{"position_x":7.895399570465088,"position_y":-9.0,"position_z":254.0,"rotation_x":0.0,"rotation_y":-0.0,"rotation_z":0.0,"scale_x":200.0,"scale_y":10.0,"scale_z":250.0},"Renderable3D":{"model uid":842303435,"diffuse uid":2013979416,"emissive":0.0,"visible":true}},"Children":{}},"Mountain1":{"Type":"Default","Script Components":{},"Engine Components":{"Transform":{"position_x":79.40619659423828,"position_y":-0.034342534840106964,"position_z":-208.42562866210938,"rotation_x":0.0,"rotation_y":-0.0,"rotation_z":0.0,"scale_x":800.0,"scale_y":500.0,"scale_z":200.0},"Renderable3D":{"model uid":185404650,"diffuse uid":2013979416,"emissive":0.0,"visible":true}},"Children":{}},"Mountain2":{"Type":"Default","Script Components":{},"Engine Components":{"Transform":{"position_x":159.3408660888672,"position_y":-12.625500679016113,"position_z":41.49818801879883,"rotation_x":0.0,"rotation_y":-0.0,"rotation_z":0.0,"scale_x":200.0,"scale_y":500.0,"scale_z":800.0},"Renderable3D":{"model uid":185404650,"diffuse uid":2013979416,"emissive":0.0,"visible":true}},"Children":{}},"Mountain3":{"Type":"Default","Script Components":{},"Engine Components":{"Transform":{"position_x":-95.35718536376953,"position_y":-8.218786239624023,"position_z":165.59584045410156,"rotation_x":0.0,"rotation_y":-0.0,"rotation_z":0.0,"scale_x":800.0,"scale_y":500.0,"scale_z":200.0},"Renderable3D":{"model uid":185404650,"diffuse uid":2013979416,"emissive":0.0,"visible":true}},"Children":{}},"Mountain4":{"Type":"Default","Script Components":{},"Engine Components":{"Transform":{"position_x":-145.86764526367188,"position_y":-19.396196365356445,"position_z":-92.12859344482422,"rotation_x":0.0,"rotation_y":-0.0,"rotation_z":0.0,"scale_x":200.0,"scale_y":500.0,"scale_z":800.0},"Renderable3D":{"model uid":185404650,"diffuse uid":2013979416,"emissive":0.0,"visible":true}},"Children":{}}}}}