{"FishPrefab":{"Type":"Default","Script Components":{"C_FishParticleSystem":{"EmissionRate":0.20000000298023224}},"Engine Components":{"Transform":{"position_x":5.599749565124512,"position_y":4.43037223815918,"position_z":-11.442229270935059,"rotation_x":-90.03045654296875,"rotation_y":3.150646448135376,"rotation_z":4.3277435302734375,"scale_x":0.21599778532981873,"scale_y":0.21599993109703064,"scale_z":0.24156156182289124},"Renderable3D":{"model uid":3858548764,"diffuse uid":3243071222,"specular uid":3243071222,"emissive":0.0}},"Children":{}}}