{"FishPrefab":{"Type":"Default","Script Components":{},"Engine Components":{"Transform":{"position_x":5.522368431091309,"position_y":2.1064720153808594,"position_z":3.902083158493042,"rotation_x":92.32721710205078,"rotation_y":-20.108644485473633,"rotation_z":-179.2021942138672,"scale_x":0.2159993201494217,"scale_y":0.21599997580051422,"scale_z":0.24156010150909424},"Renderable3D":{"model uid":3858548764,"specular uid":2130157803}},"Children":{}}}