{"FishEmitter":{"Type":"Default","Script Components":{"C_FishParticleSystem":{"EmissionRate":3.0}},"Engine Components":{"Transform":{"position_x":1.4350743293762207,"position_y":0.0,"position_z":25.269617080688477,"rotation_x":0.0,"rotation_y":-39.99998474121094,"rotation_z":0.0,"scale_x":0.9999994039535522,"scale_y":1.0,"scale_z":0.9999994039535522}},"Children":{}}}