{"HitParticle1":{"Type":"Default","Script Components":{},"Engine Components":{"Transform":{"position_x":8.298948287963867,"position_y":2.809346914291382,"position_z":-0.45908159017562866,"rotation_x":0.0,"rotation_y":-19.99999237060547,"rotation_z":0.0,"scale_x":0.10000002384185791,"scale_y":0.019999999552965164,"scale_z":0.009999997913837433},"Renderable3D":{"model uid":842303435,"diffuse uid":2130157803,"emissive":30.0,"visible":true,"spritesheetframe":0,"spritesheetcolumns":1,"framerate":1.0}},"Children":{}}}