{"HitParticle2":{"Type":"Default","Script Components":{"C_HitParticle":{"Speed":3.0,"forwardVectorX":-0.4999999701976776,"forwardVectorY":-0.4999999701976776,"forwardVectorZ":0.7071067690849304,"spawnSequence":1}},"Engine Components":{"Transform":{"position_x":-0.7501187324523926,"position_y":-1.0001184940338135,"position_z":0.8804136514663696,"rotation_x":0.0,"rotation_y":29.999996185302734,"rotation_z":45.0,"scale_x":0.050000157207250595,"scale_y":0.03999999910593033,"scale_z":0.009999985806643963},"Renderable3D":{"model uid":842303435,"diffuse uid":2130157803,"emissive":30.0,"visible":true,"spritesheetframe":0,"spritesheetcolumns":1,"framerate":1.0}},"Children":{}}}