{"HitParticle1":{"Type":"Default","Script Components":{"C_HitParticle":{"Speed":3.0,"forwardVectorX":3.0908619663705394e-8,"forwardVectorY":-0.7071067690849304,"forwardVectorZ":0.7071067690849304,"spawnSequence":2}},"Engine Components":{"Transform":{"position_x":0.0,"position_y":-1.3108280897140503,"position_z":0.8804136514663696,"rotation_x":0.0,"rotation_y":19.99999237060547,"rotation_z":90.0,"scale_x":0.10000002384185791,"scale_y":0.029999999329447746,"scale_z":0.009999997913837433},"Renderable3D":{"model uid":842303435,"diffuse uid":2130157803,"emissive":30.0,"visible":true,"spritesheetframe":0,"spritesheetcolumns":1,"framerate":1.0}},"Children":{}}}