{"HitParticle2":{"Type":"Default","Script Components":{},"Engine Components":{"Transform":{"position_x":8.204151153564453,"position_y":2.9641189575195313,"position_z":-0.45908159017562866,"rotation_x":1.9999361038208008,"rotation_y":-30.0,"rotation_z":39.999977111816406,"scale_x":0.050000157207250595,"scale_y":0.030000027269124985,"scale_z":0.009999995119869709},"Renderable3D":{"model uid":842303435,"diffuse uid":2130157803,"emissive":30.0,"visible":true,"spritesheetframe":0,"spritesheetcolumns":1,"framerate":1.0}},"Children":{}}}