{"Level1GUI":{"Type":"Default","Script Components":{"C_UIManager":{"UIManager":"UIManager"}},"Engine Components":{"Transform":{"position_x":1280.0,"position_y":688.5,"position_z":-251.0,"rotation_x":0.0,"rotation_y":-0.0,"rotation_z":0.0,"scale_x":1280.0,"scale_y":688.5,"scale_z":1.0},"Renderable3D":{"gui":false},"GUIObject":{"position_x":0.5,"position_y":0.5,"z_layer":0,"size_x":1.0,"size_y":1.0,"size_z":1.0,"fixed_ar":false,"ar":1.0}},"Children":{"MoveButton":{"Type":"Default","Script Components":{"C_ButtonOnHoverPopup":{}},"Engine Components":{"Transform":{"position_x":-0.5,"position_y":-0.800000011920929,"position_z":1.0,"rotation_x":0.0,"rotation_y":-0.0,"rotation_z":0.0,"scale_x":0.07999999821186066,"scale_y":0.1487291157245636,"scale_z":0.9998084902763367},"Renderable3D":{"model uid":1879123389,"diffuse uid":2889315472,"gui":false},"GUIObject":{"position_x":0.25,"position_y":0.10000000149011612,"z_layer":0,"size_x":0.07999999821186066,"size_y":0.10000000149011612,"size_z":1.0,"fixed_ar":true,"ar":1.0}},"Children":{}},"StaminaIcon":{"Type":"Default","Script Components":{},"Engine Components":{"Transform":{"position_x":-0.8600000143051147,"position_y":0.440000057220459,"position_z":1.0,"rotation_x":0.0,"rotation_y":-0.0,"rotation_z":0.0,"scale_x":0.05000000074505806,"scale_y":0.09295570105314255,"scale_z":0.9999514818191528},"Renderable3D":{"model uid":1879123389,"diffuse uid":3721069971,"gui":false},"GUIObject":{"position_x":0.07000000029802322,"position_y":0.7200000286102295,"z_layer":0,"size_x":0.05000000074505806,"size_y":0.10000000149011612,"size_z":1.0,"fixed_ar":true,"ar":1.0}},"Children":{}},"HealthIcon":{"Type":"Default","Script Components":{},"Engine Components":{"Transform":{"position_x":-0.550000011920929,"position_y":0.7599999904632568,"position_z":1.0,"rotation_x":0.0,"rotation_y":-0.0,"rotation_z":0.0,"scale_x":0.4000000059604645,"scale_y":0.1487291306257248,"scale_z":0.9999825954437256},"Renderable3D":{"model uid":1879123389,"diffuse uid":1069467640,"gui":false},"GUIObject":{"position_x":0.22499999403953552,"position_y":0.8799999952316284,"z_layer":0,"size_x":0.4000000059604645,"size_y":0.10000000149011612,"size_z":1.0,"fixed_ar":true,"ar":0.20000000298023224}},"Children":{}},"EndTurnButton":{"Type":"Default","Script Components":{"C_ButtonOnHoverPopup":{}},"Engine Components":{"Transform":{"position_x":0.7999999523162842,"position_y":-0.800000011920929,"position_z":1.0,"rotation_x":0.0,"rotation_y":-0.0,"rotation_z":0.0,"scale_x":0.15000000596046448,"scale_y":0.1115468442440033,"scale_z":0.99995356798172},"Renderable3D":{"model uid":1879123389,"diffuse uid":4192124204,"gui":false},"GUIObject":{"position_x":0.8999999761581421,"position_y":0.10000000149011612,"z_layer":0,"size_x":0.15000000596046448,"size_y":0.10000000149011612,"size_z":1.0,"fixed_ar":true,"ar":0.4000000059604645}},"Children":{}},"SettingsButton":{"Type":"Default","Script Components":{"C_ButtonOnHoverPopup":{}},"Engine Components":{"Transform":{"position_x":0.9500000476837158,"position_y":0.8799999952316284,"position_z":1.0,"rotation_x":0.0,"rotation_y":-0.0,"rotation_z":0.0,"scale_x":0.03999999910593033,"scale_y":0.0743645578622818,"scale_z":0.9998949766159058},"Renderable3D":{"model uid":1879123389,"diffuse uid":2131660293,"gui":false},"GUIObject":{"position_x":0.9750000238418579,"position_y":0.9399999976158142,"z_layer":0,"size_x":0.03999999910593033,"size_y":0.10000000149011612,"size_z":1.0,"fixed_ar":true,"ar":1.0}},"Children":{}},"Button1":{"Type":"Prefab","Transform":{"position_x":-0.19999998807907104,"position_y":-0.800000011920929,"position_z":1.0,"rotation_x":0.0,"rotation_y":-0.0,"rotation_z":0.0,"scale_x":0.07999999821186066,"scale_y":0.1487291157245636,"scale_z":0.9992010593414307}},"Button2":{"Type":"Prefab","Transform":{"position_x":0.10000002384185791,"position_y":-0.800000011920929,"position_z":1.0,"rotation_x":0.0,"rotation_y":-0.0,"rotation_z":0.0,"scale_x":0.07999999821186066,"scale_y":0.1487291157245636,"scale_z":0.9993071556091309}},"Button3":{"Type":"Prefab","Transform":{"position_x":0.3999999761581421,"position_y":-0.800000011920929,"position_z":1.0,"rotation_x":0.0,"rotation_y":-0.0,"rotation_z":0.0,"scale_x":0.07999999821186066,"scale_y":0.1487291157245636,"scale_z":0.9992334842681885}}}}}