{"Level1GUI":{"Type":"Default","Script Components":{"C_UIManager":{"UIManager":"UIManager"}},"Engine Components":{"Transform":{"position_x":960.0,"position_y":500.5,"position_z":-251.0,"rotation_x":0.0,"rotation_y":-0.0,"rotation_z":0.0,"scale_x":960.0,"scale_y":500.5,"scale_z":1.0},"Renderable3D":{},"GUIObject":{"position_x":0.5,"position_y":0.5,"z_layer":0,"size_x":1.0,"size_y":1.0,"size_z":1.0,"fixed_ar":false,"ar":1.0,"active":true}},"Children":{"MoveButton":{"Type":"Default","Script Components":{"C_ActionButton":{},"C_ButtonOnHoverPopup":{}},"Engine Components":{"Transform":{"position_x":-0.5,"position_y":-0.800000011920929,"position_z":1.0,"rotation_x":0.0,"rotation_y":-0.0,"rotation_z":0.0,"scale_x":0.07999999821186066,"scale_y":0.15344654023647308,"scale_z":0.9997512102127075},"Renderable3D":{"model uid":1879123389,"diffuse uid":2531110414},"GUIObject":{"position_x":0.25,"position_y":0.10000000149011612,"z_layer":0,"size_x":0.07999999821186066,"size_y":0.10000000149011612,"size_z":1.0,"fixed_ar":true,"ar":1.0,"active":true}},"Children":{}},"StaminaIcon":{"Type":"Default","Script Components":{},"Engine Components":{"Transform":{"position_x":-0.8600000143051147,"position_y":0.440000057220459,"position_z":1.0,"rotation_x":0.0,"rotation_y":-0.0,"rotation_z":0.0,"scale_x":0.05000000074505806,"scale_y":0.09590409696102142,"scale_z":0.9999514818191528},"Renderable3D":{"model uid":1879123389,"diffuse uid":3721069971},"GUIObject":{"position_x":0.07000000029802322,"position_y":0.7200000286102295,"z_layer":0,"size_x":0.05000000074505806,"size_y":0.10000000149011612,"size_z":1.0,"fixed_ar":true,"ar":1.0,"active":true}},"Children":{}},"HealthIcon":{"Type":"Default","Script Components":{},"Engine Components":{"Transform":{"position_x":-0.550000011920929,"position_y":0.7599999904632568,"position_z":1.0,"rotation_x":0.0,"rotation_y":-0.0,"rotation_z":0.0,"scale_x":0.4000000059604645,"scale_y":0.15344655513763428,"scale_z":0.9999825954437256},"Renderable3D":{"model uid":1879123389,"diffuse uid":1069467640},"GUIObject":{"position_x":0.22499999403953552,"position_y":0.8799999952316284,"z_layer":0,"size_x":0.4000000059604645,"size_y":0.10000000149011612,"size_z":1.0,"fixed_ar":true,"ar":0.20000000298023224,"active":true}},"Children":{}},"EndTurnButton":{"Type":"Default","Script Components":{"C_ButtonOnHoverPopup":{},"C_EndTurnButton":{"EndTurnButton":"EndTurnButton"}},"Engine Components":{"Transform":{"position_x":0.7999999523162842,"position_y":-0.800000011920929,"position_z":1.0,"rotation_x":0.0,"rotation_y":-0.0,"rotation_z":0.0,"scale_x":0.15000000596046448,"scale_y":0.11508491635322571,"scale_z":0.9999515414237976},"Renderable3D":{"model uid":1879123389,"diffuse uid":4192124204},"GUIObject":{"position_x":0.8999999761581421,"position_y":0.10000000149011612,"z_layer":0,"size_x":0.15000000596046448,"size_y":0.10000000149011612,"size_z":1.0,"fixed_ar":true,"ar":0.4000000059604645,"active":true}},"Children":{}},"SettingsButton":{"Type":"Default","Script Components":{"C_ButtonOnHoverPopup":{}},"Engine Components":{"Transform":{"position_x":0.9500000476837158,"position_y":0.8799999952316284,"position_z":1.0,"rotation_x":0.0,"rotation_y":-0.0,"rotation_z":0.0,"scale_x":0.03999999910593033,"scale_y":0.07672327011823654,"scale_z":0.9998949766159058},"Renderable3D":{"model uid":1879123389,"diffuse uid":2131660293},"GUIObject":{"position_x":0.9750000238418579,"position_y":0.9399999976158142,"z_layer":0,"size_x":0.03999999910593033,"size_y":0.10000000149011612,"size_z":1.0,"fixed_ar":true,"ar":1.0,"active":true}},"Children":{}},"Button1":{"Type":"Prefab","Transform":{"position_x":-0.19999998807907104,"position_y":-0.800000011920929,"position_z":1.0,"rotation_x":0.0,"rotation_y":-0.0,"rotation_z":0.0,"scale_x":0.07999999821186066,"scale_y":0.15344654023647308,"scale_z":0.9989473819732666}},"Button2":{"Type":"Prefab","Transform":{"position_x":0.10000002384185791,"position_y":-0.800000011920929,"position_z":1.0,"rotation_x":0.0,"rotation_y":-0.0,"rotation_z":0.0,"scale_x":0.07999999821186066,"scale_y":0.15344654023647308,"scale_z":0.9992650747299194}},"Button3":{"Type":"Prefab","Transform":{"position_x":0.3999999761581421,"position_y":-0.800000011920929,"position_z":1.0,"rotation_x":0.0,"rotation_y":-0.0,"rotation_z":0.0,"scale_x":0.07999999821186066,"scale_y":0.15344654023647308,"scale_z":0.9991955757141113}},"TurnOne":{"Type":"Default","Script Components":{},"Engine Components":{"Transform":{"position_x":-0.8600000143051147,"position_y":0.10000002384185791,"position_z":1.0,"rotation_x":0.0,"rotation_y":-0.0,"rotation_z":0.0,"scale_x":0.05000000074505806,"scale_y":0.09590409696102142,"scale_z":1.0},"Renderable3D":{"model uid":1879123389,"diffuse uid":2686827991},"GUIObject":{"position_x":0.07000000029802322,"position_y":0.550000011920929,"z_layer":0,"size_x":0.05000000074505806,"size_y":0.10000000149011612,"size_z":1.0,"fixed_ar":true,"ar":1.0,"active":true}},"Children":{}},"TurnTwo":{"Type":"Default","Script Components":{},"Engine Components":{"Transform":{"position_x":-0.8600000143051147,"position_y":-0.19999998807907104,"position_z":1.0,"rotation_x":0.0,"rotation_y":-0.0,"rotation_z":0.0,"scale_x":0.05000000074505806,"scale_y":0.09590409696102142,"scale_z":1.0},"Renderable3D":{"model uid":1879123389,"diffuse uid":1345524034},"GUIObject":{"position_x":0.07000000029802322,"position_y":0.4000000059604645,"z_layer":0,"size_x":0.05000000074505806,"size_y":0.10000000149011612,"size_z":1.0,"fixed_ar":true,"ar":1.0,"active":true}},"Children":{}},"TurnThree":{"Type":"Default","Script Components":{},"Engine Components":{"Transform":{"position_x":-0.8600000143051147,"position_y":-0.5,"position_z":1.0,"rotation_x":0.0,"rotation_y":-0.0,"rotation_z":0.0,"scale_x":0.05000000074505806,"scale_y":0.09590409696102142,"scale_z":1.0},"Renderable3D":{"model uid":1879123389,"diffuse uid":1345524034},"GUIObject":{"position_x":0.07000000029802322,"position_y":0.25,"z_layer":0,"size_x":0.05000000074505806,"size_y":0.10000000149011612,"size_z":1.0,"fixed_ar":true,"ar":1.0,"active":true}},"Children":{}},"RerollPanel":{"Type":"Default","Script Components":{"C_DiceUI":{"button_name":"Panel"}},"Engine Components":{"Transform":{"position_x":0.0,"position_y":0.0,"position_z":2.0,"rotation_x":0.0,"rotation_y":-0.0,"rotation_z":0.0,"scale_x":0.0,"scale_y":1.0,"scale_z":0.9998207688331604},"Renderable3D":{"model uid":1879123389,"diffuse uid":4039551921},"GUIObject":{"position_x":0.5,"position_y":0.5,"z_layer":1,"size_x":0.0,"size_y":1.0,"size_z":1.0,"fixed_ar":false,"ar":1.0,"active":true}},"Children":{}},"RerollButtonAgain":{"Type":"Default","Script Components":{"C_DiceUI":{"button_name":"DiceManager is attached!"}},"Engine Components":{"Transform":{"position_x":-0.26999998092651367,"position_y":-0.5900000333786011,"position_z":4.0,"rotation_x":0.0,"rotation_y":-0.0,"rotation_z":0.0,"scale_x":0.1850000023841858,"scale_y":0.14000000059604645,"scale_z":0.9997705221176147},"Renderable3D":{"model uid":1879123389,"diffuse uid":2571162371},"GUIObject":{"position_x":0.36500000953674316,"position_y":0.20499999821186066,"z_layer":3,"size_x":0.1850000023841858,"size_y":0.14000000059604645,"size_z":1.0,"fixed_ar":false,"ar":1.0,"active":true}},"Children":{}},"RerollButtonReady":{"Type":"Default","Script Components":{"C_DiceUI":{"button_name":"DiceManager is attached!"}},"Engine Components":{"Transform":{"position_x":0.24000000953674316,"position_y":-0.5800000429153442,"position_z":4.0,"rotation_x":0.0,"rotation_y":-0.0,"rotation_z":0.0,"scale_x":0.21250000596046448,"scale_y":0.11999999731779099,"scale_z":0.9994543194770813},"Renderable3D":{"model uid":1879123389,"diffuse uid":4595135},"GUIObject":{"position_x":0.6200000047683716,"position_y":0.20999999344348907,"z_layer":3,"size_x":0.21250000596046448,"size_y":0.11999999731779099,"size_z":1.0,"fixed_ar":false,"ar":1.0,"active":true}},"Children":{}}}}}