{"Level1GUI":{"Type":"Default","Script Components":{"C_UIManager":{"UIManager":"UIManager"}},"Engine Components":{"Transform":{"position_x":960.5,"position_y":530.5,"position_z":-251.0,"rotation_x":0.0,"rotation_y":-0.0,"rotation_z":0.0,"scale_x":960.5,"scale_y":530.5,"scale_z":1.0},"Renderable3D":{"emissive":0.0,"visible":true},"GUIObject":{"position_x":0.5,"position_y":0.5,"z_layer":0,"size_x":1.0,"size_y":1.0,"size_z":1.0,"fixed_ar":false,"ar":1.0,"active":true}},"Children":{"MoveButton":{"Type":"Default","Script Components":{"C_ButtonOnHoverPopup":{},"C_ActionButton":{}},"Engine Components":{"Transform":{"position_x":-0.5,"position_y":-0.800000011920929,"position_z":1.0,"rotation_x":0.0,"rotation_y":-0.0,"rotation_z":0.0,"scale_x":0.10000000149011612,"scale_y":0.18105560541152954,"scale_z":0.9997512102127075},"Renderable3D":{"model uid":1879123389,"diffuse uid":2531110414,"emissive":0.0,"visible":true},"GUIObject":{"position_x":0.25,"position_y":0.10000000149011612,"z_layer":0,"size_x":0.10000000149011612,"size_y":0.10000000149011612,"size_z":1.0,"fixed_ar":true,"ar":1.0,"active":true}},"Children":{}},"StaminaIcon":{"Type":"Default","Script Components":{},"Engine Components":{"Transform":{"position_x":-0.8799999952316284,"position_y":0.5,"position_z":1.0,"rotation_x":0.0,"rotation_y":-0.0,"rotation_z":0.0,"scale_x":0.05000000074505806,"scale_y":0.09052780270576477,"scale_z":0.9997470378875732},"Renderable3D":{"model uid":1879123389,"diffuse uid":3721069971,"emissive":0.0,"visible":true},"GUIObject":{"position_x":0.05999999865889549,"position_y":0.75,"z_layer":0,"size_x":0.05000000074505806,"size_y":0.10000000149011612,"size_z":1.0,"fixed_ar":true,"ar":1.0,"active":true},"GUIText":{"text":"5","alignment":0,"paddingleft":0.6499999761581421,"paddingright":0.0,"paddingtop":1.590000033378601,"size":1.0}},"Children":{}},"HealthIcon":{"Type":"Default","Script Components":{},"Engine Components":{"Transform":{"position_x":-0.6499999761581421,"position_y":0.7999999523162842,"position_z":1.0,"rotation_x":0.0,"rotation_y":-0.0,"rotation_z":0.0,"scale_x":0.30000001192092896,"scale_y":0.15000000596046448,"scale_z":0.9998252987861633},"Renderable3D":{"model uid":1879123389,"diffuse uid":1112754194,"emissive":0.0,"visible":true},"GUIObject":{"position_x":0.17499999701976776,"position_y":0.8999999761581421,"z_layer":0,"size_x":0.30000001192092896,"size_y":0.15000000596046448,"size_z":1.0,"fixed_ar":false,"ar":0.20000000298023224,"active":true}},"Children":{"HealthHeart":{"Type":"Default","Script Components":{},"Engine Components":{"Transform":{"position_x":-0.8100000023841858,"position_y":0.10000002384185791,"position_z":3.0,"rotation_x":0.0,"rotation_y":-0.0,"rotation_z":0.0,"scale_x":0.20000000298023224,"scale_y":0.7242224812507629,"scale_z":0.9997069835662842},"Renderable3D":{"model uid":1879123389,"diffuse uid":52944521,"emissive":0.0,"visible":true},"GUIObject":{"position_x":0.0949999988079071,"position_y":0.550000011920929,"z_layer":2,"size_x":0.20000000298023224,"size_y":0.10000000149011612,"size_z":1.0,"fixed_ar":true,"ar":1.0,"active":true},"GUIText":{"text":"20","alignment":0,"paddingleft":0.6000000238418579,"paddingright":0.0,"paddingtop":1.2300000190734863,"size":0.6700000166893005}},"Children":{}}}},"EndTurnButton":{"Type":"Default","Script Components":{"C_ButtonOnHoverPopup":{},"C_EndTurnButton":{"EndTurnButton":"EndTurnButton"}},"Engine Components":{"Transform":{"position_x":0.7999999523162842,"position_y":-0.800000011920929,"position_z":1.0,"rotation_x":0.0,"rotation_y":-0.0,"rotation_z":0.0,"scale_x":0.15000000596046448,"scale_y":0.1086333692073822,"scale_z":0.9999515414237976},"Renderable3D":{"model uid":1879123389,"diffuse uid":4192124204,"emissive":0.0,"visible":true},"GUIObject":{"position_x":0.8999999761581421,"position_y":0.10000000149011612,"z_layer":0,"size_x":0.15000000596046448,"size_y":0.10000000149011612,"size_z":1.0,"fixed_ar":true,"ar":0.4000000059604645,"active":true}},"Children":{}},"SettingsButton":{"Type":"Default","Script Components":{"C_ButtonOnHoverPopup":{}},"Engine Components":{"Transform":{"position_x":0.9340000152587891,"position_y":0.8400000333786011,"position_z":1.0,"rotation_x":0.0,"rotation_y":-0.0,"rotation_z":0.0,"scale_x":0.054999999701976776,"scale_y":0.09958058595657349,"scale_z":0.9998949766159058},"Renderable3D":{"model uid":1879123389,"diffuse uid":2131660293,"emissive":0.0,"visible":true},"GUIObject":{"position_x":0.9670000076293945,"position_y":0.9200000166893005,"z_layer":0,"size_x":0.054999999701976776,"size_y":0.11999999731779099,"size_z":1.0,"fixed_ar":true,"ar":1.0,"active":true}},"Children":{}},"Button1":{"Type":"Prefab","Transform":{"position_x":-0.19999998807907104,"position_y":-0.800000011920929,"position_z":1.0,"rotation_x":0.0,"rotation_y":-0.0,"rotation_z":0.0,"scale_x":0.10000000149011612,"scale_y":0.18105560541152954,"scale_z":0.9989091753959656},"GUIObject":{"position_x":0.4000000059604645,"position_y":0.10000000149011612,"z_layer":0,"size_x":0.10000000149011612,"size_y":0.10000000149011612,"size_z":1.0,"fixed_ar":true,"ar":1.0,"active":true}},"Button2":{"Type":"Prefab","Transform":{"position_x":0.10000002384185791,"position_y":-0.800000011920929,"position_z":1.0,"rotation_x":0.0,"rotation_y":-0.0,"rotation_z":0.0,"scale_x":0.10000000149011612,"scale_y":0.18105560541152954,"scale_z":0.9992650747299194},"GUIObject":{"position_x":0.550000011920929,"position_y":0.10000000149011612,"z_layer":0,"size_x":0.10000000149011612,"size_y":0.10000000149011612,"size_z":1.0,"fixed_ar":true,"ar":1.0,"active":true}},"Button3":{"Type":"Prefab","Transform":{"position_x":0.3999999761581421,"position_y":-0.800000011920929,"position_z":1.0,"rotation_x":0.0,"rotation_y":-0.0,"rotation_z":0.0,"scale_x":0.10000000149011612,"scale_y":0.18105560541152954,"scale_z":0.9991955757141113},"GUIObject":{"position_x":0.699999988079071,"position_y":0.10000000149011612,"z_layer":0,"size_x":0.10000000149011612,"size_y":0.10000000149011612,"size_z":1.0,"fixed_ar":true,"ar":1.0,"active":true}},"RerollPanel":{"Type":"Default","Script Components":{"C_DiceUI":{"button_name":"Panel"}},"Engine Components":{"Transform":{"position_x":0.0,"position_y":0.0,"position_z":2.0,"rotation_x":0.0,"rotation_y":-0.0,"rotation_z":0.0,"scale_x":1.0,"scale_y":1.0,"scale_z":0.9996612668037415},"Renderable3D":{"model uid":1879123389,"diffuse uid":2776460450,"emissive":0.0,"visible":true},"GUIObject":{"position_x":0.5,"position_y":0.5,"z_layer":1,"size_x":1.0,"size_y":1.0,"size_z":1.0,"fixed_ar":false,"ar":1.0,"active":false}},"Children":{}},"RerollButtonAgain":{"Type":"Default","Script Components":{"C_ButtonOnHoverPopup":{},"C_DiceUI":{"button_name":"Reroll"}},"Engine Components":{"Transform":{"position_x":-0.26999998092651367,"position_y":-0.5900000333786011,"position_z":4.0,"rotation_x":0.0,"rotation_y":-0.0,"rotation_z":0.0,"scale_x":0.1850000023841858,"scale_y":0.14000000059604645,"scale_z":0.9996887445449829},"Renderable3D":{"model uid":1879123389,"diffuse uid":336204340,"emissive":0.0,"visible":true},"GUIObject":{"position_x":0.36500000953674316,"position_y":0.20499999821186066,"z_layer":3,"size_x":0.1850000023841858,"size_y":0.14000000059604645,"size_z":1.0,"fixed_ar":false,"ar":1.0,"active":false}},"Children":{}},"RerollButtonReady":{"Type":"Default","Script Components":{"C_ButtonOnHoverPopup":{},"C_DiceUI":{"button_name":"Ready"}},"Engine Components":{"Transform":{"position_x":0.24000000953674316,"position_y":-0.5800000429153442,"position_z":4.0,"rotation_x":0.0,"rotation_y":-0.0,"rotation_z":0.0,"scale_x":0.21250000596046448,"scale_y":0.11999999731779099,"scale_z":0.9993683695793152},"Renderable3D":{"model uid":1879123389,"diffuse uid":2405883041,"emissive":0.0,"visible":true},"GUIObject":{"position_x":0.6200000047683716,"position_y":0.20999999344348907,"z_layer":3,"size_x":0.21250000596046448,"size_y":0.11999999731779099,"size_z":1.0,"fixed_ar":false,"ar":1.0,"active":false}},"Children":{}},"RerollPanelDice1":{"Type":"Default",