{"Level1GUI":{"Type":"Default","Script Components":{},"Engine Components":{"Transform":{"position_x":960.0,"position_y":540.0,"position_z":-251.0,"rotation_x":0.0,"rotation_y":-0.0,"rotation_z":0.0,"scale_x":960.0,"scale_y":540.0,"scale_z":1.0},"Renderable3D":{"gui":false},"GUIObject":{"position_x":0.5,"position_y":0.5,"z_layer":0,"size_x":1.0,"size_y":1.0,"size_z":1.0,"fixed_ar":false,"ar":1.0}},"Children":{"MoveButton":{"Type":"Default","Script Components":{"C_ButtonOnHoverPopup":{}},"Engine Components":{"Transform":{"position_x":-0.8600000143051147,"position_y":0.15999996662139893,"position_z":1.0,"rotation_x":0.0,"rotation_y":-0.0,"rotation_z":0.0,"scale_x":0.07999999821186066,"scale_y":0.14222222566604614,"scale_z":1.0},"Renderable3D":{"model uid":1879123389,"diffuse uid":4234999052,"gui":false},"GUIObject":{"position_x":0.07000000029802322,"position_y":0.5799999833106995,"z_layer":0,"size_x":0.07999999821186066,"size_y":0.10000000149011612,"size_z":1.0,"fixed_ar":true,"ar":1.0}},"Children":{}},"MeleeButton":{"Type":"Default","Script Components":{"C_ButtonOnHoverPopup":{}},"Engine Components":{"Transform":{"position_x":-0.8600000143051147,"position_y":-0.13999998569488525,"position_z":1.0,"rotation_x":0.0,"rotation_y":-0.0,"rotation_z":0.0,"scale_x":0.07999999821186066,"scale_y":0.14222222566604614,"scale_z":1.0},"Renderable3D":{"model uid":1879123389,"diffuse uid":103338026,"gui":false},"GUIObject":{"position_x":0.07000000029802322,"position_y":0.4300000071525574,"z_layer":0,"size_x":0.07999999821186066,"size_y":0.10000000149011612,"size_z":1.0,"fixed_ar":true,"ar":1.0}},"Children":{}},"BoltsButton":{"Type":"Default","Script Components":{"C_ButtonOnHoverPopup":{}},"Engine Components":{"Transform":{"position_x":-0.8600000143051147,"position_y":-0.4399999976158142,"position_z":1.0,"rotation_x":0.0,"rotation_y":-0.0,"rotation_z":0.0,"scale_x":0.07999999821186066,"scale_y":0.14222222566604614,"scale_z":1.0},"Renderable3D":{"model uid":1879123389,"diffuse uid":1612323444,"gui":false},"GUIObject":{"position_x":0.07000000029802322,"position_y":0.2800000011920929,"z_layer":0,"size_x":0.07999999821186066,"size_y":0.10000000149011612,"size_z":1.0,"fixed_ar":true,"ar":1.0}},"Children":{}},"StaminaIcon":{"Type":"Default","Script Components":{},"Engine Components":{"Transform":{"position_x":-0.8600000143051147,"position_y":0.440000057220459,"position_z":1.0,"rotation_x":0.0,"rotation_y":-0.0,"rotation_z":0.0,"scale_x":0.05000000074505806,"scale_y":0.08888889104127884,"scale_z":1.0},"Renderable3D":{"model uid":1879123389,"diffuse uid":3721069971,"gui":false},"GUIObject":{"position_x":0.07000000029802322,"position_y":0.7200000286102295,"z_layer":0,"size_x":0.05000000074505806,"size_y":0.10000000149011612,"size_z":1.0,"fixed_ar":true,"ar":1.0}},"Children":{}},"HealthIcon":{"Type":"Default","Script Components":{},"Engine Components":{"Transform":{"position_x":-0.550000011920929,"position_y":0.7599999904632568,"position_z":1.0,"rotation_x":0.0,"rotation_y":-0.0,"rotation_z":0.0,"scale_x":0.4000000059604645,"scale_y":0.14222224056720734,"scale_z":1.0},"Renderable3D":{"model uid":1879123389,"diffuse uid":1069467640,"gui":false},"GUIObject":{"position_x":0.22499999403953552,"position_y":0.8799999952316284,"z_layer":0,"size_x":0.4000000059604645,"size_y":0.10000000149011612,"size_z":1.0,"fixed_ar":true,"ar":0.20000000298023224}},"Children":{}},"EndTurnButton":{"Type":"Default","Script Components":{"C_ButtonOnHoverPopup":{}},"Engine Components":{"Transform":{"position_x":-0.800000011920929,"position_y":-0.7599999904632568,"position_z":1.0,"rotation_x":0.0,"rotation_y":-0.0,"rotation_z":0.0,"scale_x":0.15000000596046448,"scale_y":0.10666666924953461,"scale_z":1.0},"Renderable3D":{"model uid":1879123389,"diffuse uid":4192124204,"gui":false},"GUIObject":{"position_x":0.10000000149011612,"position_y":0.11999999731779099,"z_layer":0,"size_x":0.15000000596046448,"size_y":0.10000000149011612,"size_z":1.0,"fixed_ar":true,"ar":0.4000000059604645}},"Children":{}},"SettingsButton":{"Type":"Default","Script Components":{"C_ButtonOnHoverPopup":{}},"Engine Components":{"Transform":{"position_x":0.8799999952316284,"position_y":0.7599999904632568,"position_z":1.0,"rotation_x":0.0,"rotation_y":-0.0,"rotation_z":0.0,"scale_x":0.03999999910593033,"scale_y":0.07111111283302307,"scale_z":1.0},"Renderable3D":{"model uid":1879123389,"diffuse uid":2131660293,"gui":false},"GUIObject":{"position_x":0.9399999976158142,"position_y":0.8799999952316284,"z_layer":0,"size_x":0.03999999910593033,"size_y":0.10000000149011612,"size_z":1.0,"fixed_ar":true,"ar":1.0}},"Children":{}}}}}