{"LucyTile":{"Type":"Default","Script Components":{},"Engine Components":{"Transform":{"position_x":11.0,"position_y":0.0,"position_z":5.0,"rotation_x":0.0,"rotation_y":-0.0,"rotation_z":0.0,"scale_x":1.0,"scale_y":1.0,"scale_z":1.0}},"Children":{"base":{"Type":"Default","Script Components":{},"Engine Components":{"Transform":{"position_x":0.0,"position_y":1.0,"position_z":0.0,"rotation_x":0.0,"rotation_y":-0.0,"rotation_z":0.0,"scale_x":1.0,"scale_y":1.0,"scale_z":1.0},"Renderable3D":{"model uid":842303435,"diffuse uid":3916083164,"specular uid":3916083164}},"Children":{"Tinyobject":{"Type":"Prefab","Transform":{"position_x":-0.699999988079071,"position_y":1.0,"position_z":-0.699999988079071,"rotation_x":0.0,"rotation_y":-0.0,"rotation_z":0.0,"scale_x":0.10000000149011612,"scale_y":0.10000000149011612,"scale_z":0.10000000149011612},"Grid Cell":{"cell_x":-4,"cell_y":5,"cell_z":-4,"cell_size":0.10000000149011612}},"Tinyobject":{"Type":"Prefab","Transform":{"position_x":-0.5,"position_y":1.0,"position_z":-0.699999988079071,"rotation_x":0.0,"rotation_y":-0.0,"rotation_z":0.0,"scale_x":0.10000000149011612,"scale_y":0.10000000149011612,"scale_z":0.10000000149011612},"Grid Cell":{"cell_x":-3,"cell_y":5,"cell_z":-4,"cell_size":0.10000000149011612}},"Tinyobject":{"Type":"Prefab","Transform":{"position_x":-0.699999988079071,"position_y":1.0,"position_z":-0.5,"rotation_x":0.0,"rotation_y":-0.0,"rotation_z":0.0,"scale_x":0.10000000149011612,"scale_y":0.10000000149011612,"scale_z":0.10000000149011612},"Grid Cell":{"cell_x":-4,"cell_y":5,"cell_z":-3,"cell_size":0.10000000149011612}},"Tinyobject":{"Type":"Prefab","Transform":{"position_x":-0.699999988079071,"position_y":1.0,"position_z":0.5,"rotation_x":0.0,"rotation_y":-0.0,"rotation_z":0.0,"scale_x":0.10000000149011612,"scale_y":0.10000000149011612,"scale_z":0.10000000149011612},"Grid Cell":{"cell_x":-4,"cell_y":5,"cell_z":2,"cell_size":0.10000000149011612}},"Tinyobject":{"Type":"Prefab","Transform":{"position_x":-0.699999988079071,"position_y":1.0,"position_z":0.699999988079071,"rotation_x":0.0,"rotation_y":-0.0,"rotation_z":0.0,"scale_x":0.10000000149011612,"scale_y":0.10000000149011612,"scale_z":0.10000000149011612},"Grid Cell":{"cell_x":-4,"cell_y":5,"cell_z":3,"cell_size":0.10000000149011612}},"Tinyobject":{"Type":"Prefab","Transform":{"position_x":-0.5,"position_y":1.0,"position_z":0.699999988079071,"rotation_x":0.0,"rotation_y":-0.0,"rotation_z":0.0,"scale_x":0.10000000149011612,"scale_y":0.10000000149011612,"scale_z":0.10000000149011612},"Grid Cell":{"cell_x":-3,"cell_y":5,"cell_z":3,"cell_size":0.10000000149011612}},"Tinyobject":{"Type":"Prefab","Transform":{"position_x":0.699999988079071,"position_y":1.0,"position_z":-0.699999988079071,"rotation_x":0.0,"rotation_y":-0.0,"rotation_z":0.0,"scale_x":0.10000000149011612,"scale_y":0.10000000149011612,"scale_z":0.10000000149011612},"Grid Cell":{"cell_x":3,"cell_y":5,"cell_z":-4,"cell_size":0.10000000149011612}},"Tinyobject":{"Type":"Prefab","Transform":{"position_x":0.5,"position_y":1.0,"position_z":-0.699999988079071,"rotation_x":0.0,"rotation_y":-0.0,"rotation_z":0.0,"scale_x":0.10000000149011612,"scale_y":0.10000000149011612,"scale_z":0.10000000149011612},"Grid Cell":{"cell_x":2,"cell_y":5,"cell_z":-4,"cell_size":0.10000000149011612}},"Tinyobject":{"Type":"Prefab","Transform":{"position_x":0.699999988079071,"position_y":1.0,"position_z":-0.5,"rotation_x":0.0,"rotation_y":-0.0,"rotation_z":0.0,"scale_x":0.10000000149011612,"scale_y":0.10000000149011612,"scale_z":0.10000000149011612},"Grid Cell":{"cell_x":3,"cell_y":5,"cell_z":-3,"cell_size":0.10000000149011612}},"Tinyobject":{"Type":"Prefab","Transform":{"position_x":0.699999988079071,"position_y":1.0,"position_z":0.5,"rotation_x":0.0,"rotation_y":-0.0,"rotation_z":0.0,"scale_x":0.10000000149011612,"scale_y":0.10000000149011612,"scale_z":0.10000000149011612},"Grid Cell":{"cell_x":3,"cell_y":5,"cell_z":2,"cell_size":0.10000000149011612}},"Tinyobject":{"Type":"Prefab","Transform":{"position_x":0.699999988079071,"position_y":1.0,"position_z":0.699999988079071,"rotation_x":0.0,"rotation_y":-0.0,"rotation_z":0.0,"scale_x":0.10000000149011612,"scale_y":0.10000000149011612,"scale_z":0.10000000149011612},"Grid Cell":{"cell_x":3,"cell_y":5,"cell_z":3,"cell_size":0.10000000149011612}},"Tinyobject":{"Type":"Prefab","Transform":{"position_x":0.5,"position_y":1.0,"position_z":0.699999988079071,"rotation_x":0.0,"rotation_y":-0.0,"rotation_z":0.0,"scale_x":0.10000000149011612,"scale_y":0.10000000149011612,"scale_z":0.10000000149011612},"Grid Cell":{"cell_x":2,"cell_y":5,"cell_z":3,"cell_size":0.10000000149011612}},"Lucy":{"Type":"Prefab","Transform":{"position_x":-0.000019073486328125,"position_y":1.0,"position_z":-0.019187450408935547,"rotation_x":0.0,"rotation_y":-0.0,"rotation_z":0.0,"scale_x":0.5,"scale_y":0.5,"scale_z":0.5}},"Tinyobject":{"Type":"Prefab","Transform":{"position_x":0.641265869140625,"position_y":1.5999999046325684,"position_z":-0.5852651596069336,"rotation_x":0.0,"rotation_y":-0.0,"rotation_z":0.0,"scale_x":0.10000000149011612,"scale_y":0.10000000149011612,"scale_z":0.10000000149011612}},"Tinyobject":{"Type":"Prefab","Transform":{"position_x":0.7160282135009766,"position_y":1.5999999046325684,"position_z":-0.22173786163330078,"rotation_x":0.0,"rotation_y":-0.0,"rotation_z":0.0,"scale_x":0.10000000149011612,"scale_y":0.10000000149011612,"scale_z":0.10000000149011612}},"Tinyobject":{"Type":"Prefab","Transform":{"position_x":0.6451044082641602,"position_y":1.5999999046325684,"position_z":0.32094240188598633,"rotation_x":0.0,"rotation_y":-0.0,"rotation_z":0.0,"scale_x":0.10000000149011612,"scale_y":0.10000000149011612,"scale_z":0.10000000149011612}},"Tinyobject":{"Type":"Prefab","Transform":{"position_x":0.5431346893310547,"position_y":1.5999999046325684,"position_z":0.5083351135253906,"rotation_x":0.0,"rotation_y":-0.0,"rotation_z":0.0,"scale_x":0.10000000149011612,"scale_y":0.10000000149011612,"scale_z":0.10000000149011612}},"Tinyobject":{"Type":"Prefab","Transform":{"position_x":0.3542499542236328,"position_y":1.5999999046325684,"position_z":0.7116708755493164,"rotation_x":0.0,"rotation_y":-0.0,"rotation_z":0.0,"scale_x":0.10000000149011612,"scale_y":0.10000000149011612,"scale_z":0.10000000149011612}},"Tinyobject":{"Type":"Prefab","Transform":{"position_x":-0.12958335876464844,"position_y":1.5999999046325684,"position_z":0.7108378410339355,"rotation_x":0.0,"rotation_y":-0.0,"rotation_z":0.0,"scale_x":0.10000000149011612,"scale_y":0.10000000149011612,"scale_z":0.10000000149011612}},"Tinyobject":{"Type":"Prefab","Transform":{"position_x":-0.41185665130615234,"position_y":1.5999999046325684,"position_z":0.615170955657959,"rotation_x":0.0,"rotation_y":-0.0,"rotation_z":0.0,"scale_x":0.10000000149011612,"scale_y":0.10000000149011612,"scale_z":0.10000000149011612}},"Tinyobject":{"Type":"Prefab","Transform":{"position_x":-0.6788997650146484,"position_y":1.5999999046325684,"position_z":0.34278392791748047,"rotation_x":0.0,"rotation_y":-0.0,"rotation_z":0.0,"scale_x":0.10000000149011612,"scale_y":0.10000000149011612,"scale_z":0.10000000149011612}},"Tinyobject":{"Type":"Prefab","Transform":{"position_x":-0.892329216003418,"position_y":1.5999999046325684,"position_z":-0.20489501953125,"rotation_x":0.0,"rotation_y":-0.0,"rotation_z":0.0,"scale_x":0.10000000149011612,"scale_y":0.10000000149011612,"scale_z":0.10000000149011612}},"Tinyobject":{"Type":"Prefab","Transform":{"position_x":-0.9287576675415039,"position_y":1.5999999046325684,"position_z":-0.6265630722045898,"rotation_x":0.0,"rotation_y":-0.0,"rotation_z":0.0,"scale_x":0.10000000149011612,"scale_y":0.10000000149011612,"scale_z":0.10000000149011612}},"Tinyobject":{"Type":"Prefab","Transform":{"position_x":-0.7674179077148438,"position_y":1.5999999046325684,"position_z":-0.8456535339355469,"rotation_x":0.0,"rotation_y":-0.0,"rotation_z":0.0,"scale_x":0.10000000149011612,"scale_y":0.10000000149011612,"scale_z":0.10000000149011612}},