{"NewPrefab":{"Type":"Default","Script Components":{"C_test1":{"x":13195,"b":true,"s":"something","newthing":2.299999952316284},"C_System2":{"o":13.399999618530273},"C_MoveRight":{"speed":0.0010000000474974513,"text":"helloworldwadadawdadadaw"}},"Engine Components":{"ExampleComponent":{"i":2,"f":3.140000104904175,"s":"example"},"Transform":{"position_x":4.699876308441162,"position_y":4.901827335357666,"position_z":-0.4447401165962219,"rotation_x":0.0,"rotation_y":-0.0,"rotation_z":0.0,"scale_x":2.0,"scale_y":2.0,"scale_z":2.0},"Renderable3D":{"model uid":1068777295,"diffuse uid":3916083164,"specular uid":652207713}},"Children":{"Backpack":{"Type":"Prefab","Transform":{"position_x":1.7076849937438965,"position_y":0.0000019073486328125,"position_z":1.2568587064743042,"rotation_x":0.0,"rotation_y":-0.0,"rotation_z":0.0,"scale_x":0.5,"scale_y":0.5,"scale_z":0.5}},"Backpack":{"Type":"Prefab","Transform":{"position_x":-1.6501970291137695,"position_y":4.76837158203125e-7,"position_z":2.3732008934020996,"rotation_x":0.0,"rotation_y":-0.0,"rotation_z":0.0,"scale_x":0.5,"scale_y":0.5,"scale_z":0.5}},"Backpack":{"Type":"Prefab","Transform":{"position_x":0.2637662887573242,"position_y":0.0000057220458984375,"position_z":2.9876549243927,"rotation_x":0.0,"rotation_y":-0.0,"rotation_z":0.0,"scale_x":0.5,"scale_y":0.5,"scale_z":0.5}},"NIL":{"Type":"Default","Script Components":{},"Engine Components":{},"Children":{}}}}}