{"NewTile":{"Type":"Default","Script Components":{},"Engine Components":{"Transform":{"position_x":0.0,"position_y":0.0,"position_z":0.0,"rotation_x":0.0,"rotation_y":-0.0,"rotation_z":0.0,"scale_x":1.0,"scale_y":1.0,"scale_z":1.0}},"Children":{"base":{"Type":"Default","Script Components":{},"Engine Components":{"Transform":{"position_x":0.0,"position_y":-0.06437668204307556,"position_z":0.0,"rotation_x":0.0,"rotation_y":-0.0,"rotation_z":0.0,"scale_x":1.0,"scale_y":1.0,"scale_z":1.0},"Renderable3D":{"model uid":842303435,"diffuse uid":3916083164,"specular uid":652207713}},"Children":{"Tinyobject":{"Type":"Prefab","Transform":{"position_x":-0.699999988079071,"position_y":1.0,"position_z":-0.699999988079071,"rotation_x":0.0,"rotation_y":-0.0,"rotation_z":0.0,"scale_x":0.10000000149011612,"scale_y":0.10000000149011612,"scale_z":0.10000000149011612},"Grid Cell":{"cell_x":-4,"cell_y":5,"cell_z":-4,"cell_size":0.10000000149011612}},"Tinyobject":{"Type":"Prefab","Transform":{"position_x":-0.5,"position_y":1.0,"position_z":-0.699999988079071,"rotation_x":0.0,"rotation_y":-0.0,"rotation_z":0.0,"scale_x":0.10000000149011612,"scale_y":0.10000000149011612,"scale_z":0.10000000149011612},"Grid Cell":{"cell_x":-3,"cell_y":5,"cell_z":-4,"cell_size":0.10000000149011612}},"Tinyobject":{"Type":"Prefab","Transform":{"position_x":-0.699999988079071,"position_y":1.0,"position_z":-0.5,"rotation_x":0.0,"rotation_y":-0.0,"rotation_z":0.0,"scale_x":0.10000000149011612,"scale_y":0.10000000149011612,"scale_z":0.10000000149011612},"Grid Cell":{"cell_x":-4,"cell_y":5,"cell_z":-3,"cell_size":0.10000000149011612}},"Tinyobject":{"Type":"Prefab","Transform":{"position_x":0.5,"position_y":1.0,"position_z":-0.699999988079071,"rotation_x":0.0,"rotation_y":-0.0,"rotation_z":0.0,"scale_x":0.10000000149011612,"scale_y":0.10000000149011612,"scale_z":0.10000000149011612},"Grid Cell":{"cell_x":2,"cell_y":5,"cell_z":-4,"cell_size":0.10000000149011612}},"Tinyobject":{"Type":"Prefab","Transform":{"position_x":0.699999988079071,"position_y":1.0,"position_z":-0.699999988079071,"rotation_x":0.0,"rotation_y":-0.0,"rotation_z":0.0,"scale_x":0.10000000149011612,"scale_y":0.10000000149011612,"scale_z":0.10000000149011612},"Grid Cell":{"cell_x":3,"cell_y":5,"cell_z":-4,"cell_size":0.10000000149011612}},"Tinyobject":{"Type":"Prefab","Transform":{"position_x":0.699999988079071,"position_y":1.0,"position_z":-0.5,"rotation_x":0.0,"rotation_y":-0.0,"rotation_z":0.0,"scale_x":0.10000000149011612,"scale_y":0.10000000149011612,"scale_z":0.10000000149011612},"Grid Cell":{"cell_x":3,"cell_y":5,"cell_z":-3,"cell_size":0.10000000149011612}},"Tinyobject":{"Type":"Prefab","Transform":{"position_x":0.699999988079071,"position_y":1.0,"position_z":0.699999988079071,"rotation_x":0.0,"rotation_y":-0.0,"rotation_z":0.0,"scale_x":0.10000000149011612,"scale_y":0.10000000149011612,"scale_z":0.10000000149011612},"Grid Cell":{"cell_x":3,"cell_y":5,"cell_z":3,"cell_size":0.10000000149011612}},"Tinyobject":{"Type":"Prefab","Transform":{"position_x":0.699999988079071,"position_y":1.0,"position_z":0.5,"rotation_x":0.0,"rotation_y":-0.0,"rotation_z":0.0,"scale_x":0.10000000149011612,"scale_y":0.10000000149011612,"scale_z":0.10000000149011612},"Grid Cell":{"cell_x":3,"cell_y":5,"cell_z":2,"cell_size":0.10000000149011612}},"Tinyobject":{"Type":"Prefab","Transform":{"position_x":0.5,"position_y":1.0,"position_z":0.699999988079071,"rotation_x":0.0,"rotation_y":-0.0,"rotation_z":0.0,"scale_x":0.10000000149011612,"scale_y":0.10000000149011612,"scale_z":0.10000000149011612},"Grid Cell":{"cell_x":2,"cell_y":5,"cell_z":3,"cell_size":0.10000000149011612}},"Tinyobject":{"Type":"Prefab","Transform":{"position_x":-0.699999988079071,"position_y":1.0,"position_z":0.5,"rotation_x":0.0,"rotation_y":-0.0,"rotation_z":0.0,"scale_x":0.10000000149011612,"scale_y":0.10000000149011612,"scale_z":0.10000000149011612},"Grid Cell":{"cell_x":-4,"cell_y":5,"cell_z":2,"cell_size":0.10000000149011612}},"Tinyobject":{"Type":"Prefab","Transform":{"position_x":-0.699999988079071,"position_y":1.0,"position_z":0.699999988079071,"rotation_x":0.0,"rotation_y":-0.0,"rotation_z":0.0,"scale_x":0.10000000149011612,"scale_y":0.10000000149011612,"scale_z":0.10000000149011612},"Grid Cell":{"cell_x":-4,"cell_y":5,"cell_z":3,"cell_size":0.10000000149011612}},"Tinyobject":{"Type":"Prefab","Transform":{"position_x":-0.5,"position_y":1.0,"position_z":0.699999988079071,"rotation_x":0.0,"rotation_y":-0.0,"rotation_z":0.0,"scale_x":0.10000000149011612,"scale_y":0.10000000149011612,"scale_z":0.10000000149011612},"Grid Cell":{"cell_x":-3,"cell_y":5,"cell_z":3,"cell_size":0.10000000149011612}},"Lucy":{"Type":"Prefab","Transform":{"position_x":-0.00393744558095932,"position_y":0.7436809539794922,"position_z":-0.027530908584594727,"rotation_x":0.0,"rotation_y":-0.0,"rotation_z":0.0,"scale_x":0.5,"scale_y":0.5,"scale_z":0.5}}}}}}}