{"PlayBtn":{"Type":"Default","Script Components":{"C_ButtonOnHoverPopup":{},"C_MainmenuToGame":{}},"Engine Components":{"Transform":{"position_x":0.44999998807907104,"position_y":0.05000108480453491,"position_z":1.0,"rotation_x":0.0,"rotation_y":-0.0,"rotation_z":0.0,"scale_x":0.15999996662139893,"scale_y":0.15000000596046448,"scale_z":0.999607264995575},"Renderable3D":{"model uid":1879123389,"diffuse uid":927319620,"emissive":0.0,"visible":true,"spritesheetframe":0,"spritesheetcolumns":1,"framerate":1.0},"GUIObject":{"position_x":0.7250000238418579,"position_y":0.5249999761581421,"z_layer":0,"size_x":0.1599999964237213,"size_y":0.15000000596046448,"size_z":1.0,"fixed_ar":false,"ar":1.0,"active":true}},"Children":{}}}