{"prefabv2":{"Type":"Default","Script Components":{"C_System2":{"o":13.399999618530273}},"Engine Components":{"Transform":{"position_x":-1.4092904329299927,"position_y":2.503107786178589,"position_z":-16.766220092773438,"rotation_x":0.0,"rotation_y":-0.0,"rotation_z":0.0,"scale_x":1.0,"scale_y":1.0,"scale_z":1.0}},"Children":{"child1_2":{"Type":"Default","Script Components":{"C_Example1_Paired":{"b":false,"i":1,"f":270.9207458496094,"s":"example"},"Example1_RandomComponent":{}},"Engine Components":{},"Children":{}},"new_child":{"Type":"Default","Script Components":{"C_System2":{"o":13.399999618530273},"C_test1":{"x":3,"y":1.0,"b":true,"s":"something"}},"Engine Components":{"ExampleComponent":{},"Transform":{"position_x":9.915064811706543,"position_y":-3.3436901569366455,"position_z":2.6877331733703613,"rotation_x":18.79930877685547,"rotation_y":12.314558982849121,"rotation_z":27.299394607543945,"scale_x":5.3655924797058105,"scale_y":4.15437126159668,"scale_z":2.590000629425049},"Renderable3D":{"model uid":807737716,"diffuse uid":2380861504}},"Children":{"prefabv3":{"Type":"Prefab","Transform":{"position_x":-2.2063512802124023,"position_y":1.701249122619629,"position_z":0.30239391326904297,"rotation_x":0.0000034457082165317843,"rotation_y":7.642096519470215,"rotation_z":-0.0003171537537127733,"scale_x":1.033480167388916,"scale_y":0.9999971389770508,"scale_z":0.989231288433075}}}}}}}