{"QuitButton":{"Type":"Default","Script Components":{"C_ButtonOnHoverPopup":{}},"Engine Components":{"Transform":{"position_x":0.9400001764297485,"position_y":0.039999961853027344,"position_z":2.0,"rotation_x":0.0,"rotation_y":-0.0,"rotation_z":0.0,"scale_x":0.07000000029802322,"scale_y":0.006000000052154064,"scale_z":1.0},"Renderable3D":{"model uid":1879123389,"diffuse uid":1742592465,"emissive":0.0},"GUIObject":{"position_x":0.9700000286102295,"position_y":0.5199999809265137,"z_layer":1,"size_x":0.07000000029802322,"size_y":0.006000000052154064,"size_z":1.0,"fixed_ar":false,"ar":1.0,"active":true}},"Children":{}}}