{"RabbitTile":{"Type":"Default","Script Components":{},"Engine Components":{"Transform":{"position_x":7.0,"position_y":0.0,"position_z":5.0,"rotation_x":0.0,"rotation_y":-0.0,"rotation_z":0.0,"scale_x":1.0,"scale_y":1.0,"scale_z":1.0},"GridCell":{"cell_x":3,"cell_y":0,"cell_z":2,"cell_size":1.0}},"Children":{"base":{"Type":"Default","Script Components":{},"Engine Components":{"Transform":{"position_x":0.0,"position_y":0.0,"position_z":0.0,"rotation_x":0.0,"rotation_y":-0.0,"rotation_z":0.0,"scale_x":1.0,"scale_y":0.20000000298023224,"scale_z":1.0},"Renderable3D":{"model uid":842303435,"diffuse uid":3916083164,"specular uid":3916083164}},"Children":{}},"rabbit":{"Type":"Default","Script Components":{},"Engine Components":{"Transform":{"position_x":0.0,"position_y":1.1307528018951416,"position_z":0.0,"rotation_x":0.0,"rotation_y":-0.0,"rotation_z":0.0,"scale_x":1.0,"scale_y":1.0,"scale_z":1.0},"Renderable3D":{"model uid":234934184,"diffuse uid":3916083164,"specular uid":2380861504}},"Children":{}},"Tinyobject":{"Type":"Prefab","Transform":{"position_x":-0.550000011920929,"position_y":0.30000001192092896,"position_z":0.75,"rotation_x":0.0,"rotation_y":-0.0,"rotation_z":0.0,"scale_x":0.10000000149011612,"scale_y":0.10000000149011612,"scale_z":0.10000000149011612}},"Tinyobject":{"Type":"Prefab","Transform":{"position_x":-0.30000001192092896,"position_y":0.30000001192092896,"position_z":0.9000000357627869,"rotation_x":0.0,"rotation_y":-0.0,"rotation_z":0.0,"scale_x":0.10000000149011612,"scale_y":0.10000000149011612,"scale_z":0.10000000149011612}},"Tinyobject":{"Type":"Prefab","Transform":{"position_x":-0.10000000149011612,"position_y":0.30000001192092896,"position_z":0.9000000357627869,"rotation_x":0.0,"rotation_y":-0.0,"rotation_z":0.0,"scale_x":0.10000000149011612,"scale_y":0.10000000149011612,"scale_z":0.10000000149011612}},"Tinyobject":{"Type":"Prefab","Transform":{"position_x":0.10000000149011612,"position_y":0.30000001192092896,"position_z":0.9000000357627869,"rotation_x":0.0,"rotation_y":-0.0,"rotation_z":0.0,"scale_x":0.10000000149011612,"scale_y":0.10000000149011612,"scale_z":0.10000000149011612}},"Tinyobject":{"Type":"Prefab","Transform":{"position_x":0.30000001192092896,"position_y":0.30000001192092896,"position_z":0.9000000357627869,"rotation_x":0.0,"rotation_y":-0.0,"rotation_z":0.0,"scale_x":0.10000000149011612,"scale_y":0.10000000149011612,"scale_z":0.10000000149011612}},"Tinyobject":{"Type":"Prefab","Transform":{"position_x":0.5,"position_y":0.30000001192092896,"position_z":0.9000000357627869,"rotation_x":0.0,"rotation_y":-0.0,"rotation_z":0.0,"scale_x":0.10000000149011612,"scale_y":0.10000000149011612,"scale_z":0.10000000149011612}},"Tinyobject":{"Type":"Prefab","Transform":{"position_x":0.699999988079071,"position_y":0.30000001192092896,"position_z":0.9000000357627869,"rotation_x":0.0,"rotation_y":-0.0,"rotation_z":0.0,"scale_x":0.10000000149011612,"scale_y":0.10000000149011612,"scale_z":0.10000000149011612}},"Tinyobject":{"Type":"Prefab","Transform":{"position_x":0.9000000357627869,"position_y":0.30000001192092896,"position_z":0.9000000357627869,"rotation_x":0.0,"rotation_y":-0.0,"rotation_z":0.0,"scale_x":0.10000000149011612,"scale_y":0.10000000149011612,"scale_z":0.10000000149011612}},"Tinyobject":{"Type":"Prefab","Transform":{"position_x":0.9000000357627869,"position_y":0.30000001192092896,"position_z":0.699999988079071,"rotation_x":0.0,"rotation_y":-0.0,"rotation_z":0.0,"scale_x":0.10000000149011612,"scale_y":0.10000000149011612,"scale_z":0.10000000149011612}},"Tinyobject":{"Type":"Prefab","Transform":{"position_x":0.9000000357627869,"position_y":0.30000001192092896,"position_z":0.5,"rotation_x":0.0,"rotation_y":-0.0,"rotation_z":0.0,"scale_x":0.10000000149011612,"scale_y":0.10000000149011612,"scale_z":0.10000000149011612}},"Tinyobject":{"Type":"Prefab","Transform":{"position_x":0.9000000357627869,"position_y":0.30000001192092896,"position_z":0.30000001192092896,"rotation_x":0.0,"rotation_y":-0.0,"rotation_z":0.0,"scale_x":0.10000000149011612,"scale_y":0.10000000149011612,"scale_z":0.10000000149011612}},"Tinyobject":{"Type":"Prefab","Transform":{"position_x":0.9000000357627869,"position_y":0.30000001192092896,"position_z":0.10000000149011612,"rotation_x":0.0,"rotation_y":-0.0,"rotation_z":0.0,"scale_x":0.10000000149011612,"scale_y":0.10000000149011612,"scale_z":0.10000000149011612}},"Tinyobject":{"Type":"Prefab","Transform":{"position_x":0.9000000357627869,"position_y":0.30000001192092896,"position_z":-0.10000000149011612,"rotation_x":0.0,"rotation_y":-0.0,"rotation_z":0.0,"scale_x":0.10000000149011612,"scale_y":0.10000000149011612,"scale_z":0.10000000149011612}},"Tinyobject":{"Type":"Prefab","Transform":{"position_x":0.9000000357627869,"position_y":0.30000001192092896,"position_z":-0.30000001192092896,"rotation_x":0.0,"rotation_y":-0.0,"rotation_z":0.0,"scale_x":0.10000000149011612,"scale_y":0.10000000149011612,"scale_z":0.10000000149011612}},"Tinyobject":{"Type":"Prefab","Transform":{"position_x":0.9000000357627869,"position_y":0.30000001192092896,"position_z":-0.5,"rotation_x":0.0,"rotation_y":-0.0,"rotation_z":0.0,"scale_x":0.10000000149011612,"scale_y":0.10000000149011612,"scale_z":0.10000000149011612}},"Tinyobject":{"Type":"Prefab","Transform":{"position_x":0.9000000357627869,"position_y":0.30000001192092896,"position_z":-0.699999988079071,"rotation_x":0.0,"rotation_y":-0.0,"rotation_z":0.0,"scale_x":0.10000000149011612,"scale_y":0.10000000149011612,"scale_z":0.10000000149011612}},"Tinyobject":{"Type":"Prefab","Transform":{"position_x":0.9000000357627869,"position_y":0.30000001192092896,"position_z":-0.9000000357627869,"rotation_x":0.0,"rotation_y":-0.0,"rotation_z":0.0,"scale_x":0.10000000149011612,"scale_y":0.10000000149011612,"scale_z":0.10000000149011612}},"Tinyobject":{"Type":"Prefab","Transform":{"position_x":0.699999988079071,"position_y":0.30000001192092896,"position_z":-0.9000000357627869,"rotation_x":0.0,"rotation_y":-0.0,"rotation_z":0.0,"scale_x":0.10000000149011612,"scale_y":0.10000000149011612,"scale_z":0.10000000149011612}},"Tinyobject":{"Type":"Prefab","Transform":{"position_x":0.5,"position_y":0.30000001192092896,"position_z":-0.9000000357627869,"rotation_x":0.0,"rotation_y":-0.0,"rotation_z":0.0,"scale_x":0.10000000149011612,"scale_y":0.10000000149011612,"scale_z":0.10000000149011612}},"Tinyobject":{"Type":"Prefab","Transform":{"position_x":0.30000001192092896,"position_y":0.30000001192092896,"position_z":-0.9000000357627869,"rotation_x":0.0,"rotation_y":-0.0,"rotation_z":0.0,"scale_x":0.10000000149011612,"scale_y":0.10000000149011612,"scale_z":0.10000000149011612}},"Tinyobject":{"Type":"Prefab","Transform":{"position_x":0.10000000149011612,"position_y":0.30000001192092896,"position_z":-0.9000000357627869,"rotation_x":0.0,"rotation_y":-0.0,"rotation_z":0.0,"scale_x":0.10000000149011612,"scale_y":0.10000000149011612,"scale_z":0.10000000149011612}},"Tinyobject":{"Type":"Prefab","Transform":{"position_x":-0.10000000149011612,"position_y":0.30000001192092896,"position_z":-0.9000000357627869,"rotation_x":0.0,"rotation_y":-0.0,"rotation_z":0.0,"scale_x":0.10000000149011612,"scale_y":0.10000000149011612,"scale_z":0.10000000149011612}},"Tinyobject":{"Type":"Prefab","Transform":{"position_x":-0.30000001192092896,"position_y":0.30000001192092896,"position_z":-0.9000000357627869,"rotation_x":0.0,"rotation_y":-0.0,"rotation_z":0.0,"scale_x":0.10000000149011612,"scale_y":0.10000000149011612,"scale_z":0.10000000149011612}},"Tinyobject":{"Type":"Prefab","Transform":{"position_x":-0.5,"position_y":0.30000001192092896,"position_z":-0.9000000357627869,"rotation_x":0.0,"rotation_y":-0.0,"rotation_z":0.0,"scale_x":0.10000000149011612,"scale_y":0.10000000149011612,"scale_z":0.10000000149011612}},"Tinyobject":{"Type":"Prefab","Transform":{"position_x":-0.699999988079071,"position_y":0.30000001192092896,"position_z":-0.9000000357627869,"rotation_x":0.0,"rotation_y":-0.0,"rotation_z":0.0,"scale_x":0.10000000149011612,