{"RockParticle":{"Type":"Default","Script Components":{},"Engine Components":{"Transform":{"position_x":15.261917114257813,"position_y":0.0,"position_z":1.8279943466186523,"rotation_x":0.0,"rotation_y":-0.0,"rotation_z":0.0,"scale_x":0.20000000298023224,"scale_y":0.20000000298023224,"scale_z":0.20000000298023224},"Renderable3D":{"model uid":1845198469,"diffuse uid":2130157803,"emissive":0.0,"visible":true,"spritesheetframe":0,"spritesheetcolumns":1,"framerate":1.0}},"Children":{}}}