{"SS_Coral":{"Type":"Default","Script Components":{},"Engine Components":{"Transform":{"position_x":-3.78000830636438e-9,"position_y":0.9367145299911499,"position_z":-4.320571278526586e-8,"rotation_x":-179.99989318847656,"rotation_y":79.99996948242188,"rotation_z":-179.99989318847656,"scale_x":0.8000001311302185,"scale_y":0.800000011920929,"scale_z":0.8000001311302185},"Renderable3D":{"model uid":2657218724,"diffuse uid":2130157803,"specular uid":2130157803,"emissive":0.0,"visible":true,"spritesheetframe":0,"spritesheetcolumns":1,"framerate":1.0}},"Children":{}}}