{"SS_FloraBubbleEmitter":{"Type":"Default","Script Components":{},"Engine Components":{"Transform":{"position_x":12.0,"position_y":0.6000000238418579,"position_z":6.0,"rotation_x":-179.99989318847656,"rotation_y":-84.17682647705078,"rotation_z":-179.99989318847656,"scale_x":0.5999999046325684,"scale_y":0.6000000238418579,"scale_z":0.5999999046325684},"Renderable3D":{"model uid":1879123389,"diffuse uid":664093161,"emissive":0.0,"visible":true,"spritesheetframe":0,"spritesheetcolumns":1,"framerate":1.0},"Transparent":{"facing_horizontal":true,"lighting":true}},"Children":{}}}