{"SS_Rock":{"Type":"Default","Script Components":{},"Engine Components":{"Transform":{"position_x":3.0,"position_y":0.20000000298023224,"position_z":1.0,"rotation_x":0.0,"rotation_y":-0.0,"rotation_z":0.0,"scale_x":0.4000000059604645,"scale_y":0.4000000059604645,"scale_z":0.4000000059604645},"Renderable3D":{"model uid":1294014374,"diffuse uid":1054544235,"specular uid":1054544235,"emissive":0.0}},"Children":{}}}