{"SS_Seaweed":{"Type":"Default","Script Components":{},"Engine Components":{"Transform":{"position_x":7.0,"position_y":0.6000000238418579,"position_z":3.0,"rotation_x":0.0,"rotation_y":-0.0,"rotation_z":0.0,"scale_x":0.6000000238418579,"scale_y":0.6000000238418579,"scale_z":0.6000000238418579},"Renderable3D":{"model uid":4098005239,"diffuse uid":911467760,"specular uid":911467760,"emissive":0.0}},"Children":{}}}