{"SS_Terrain":{"Type":"Default","Script Components":{},"Engine Components":{"Transform":{"position_x":10.0,"position_y":0.0,"position_z":-38.0,"rotation_x":0.00010427404777146876,"rotation_y":89.99994659423828,"rotation_z":0.00010427401139168069,"scale_x":60.000057220458984,"scale_y":60.0,"scale_z":60.000057220458984},"Renderable3D":{"model uid":185404650,"specular uid":297623163,"emissive":0.0,"visible":true,"spritesheetframe":0,"spritesheetcolumns":1,"framerate":1.0}},"Children":{}}}