{"SS_TreeBranch":{"Type":"Default","Script Components":{},"Engine Components":{"Transform":{"position_x":8.0,"position_y":1.0,"position_z":7.5,"rotation_x":4.999981880187988,"rotation_y":1.9999982118606567,"rotation_z":13.5,"scale_x":3.0000011920928955,"scale_y":3.0000035762786865,"scale_z":3.0000078678131104},"Renderable3D":{"model uid":1523482338,"diffuse uid":2015529011,"specular uid":2130157803,"emissive":0.0}},"Children":{}}}