{"SS_Terrain":{"Type":"Default","Script Components":{},"Engine Components":{"Transform":{"position_x":0.0,"position_y":0.0,"position_z":-40.0,"rotation_x":0.00010427404777146876,"rotation_y":89.99994659423828,"rotation_z":0.00010427401139168069,"scale_x":60.000057220458984,"scale_y":60.0,"scale_z":60.000057220458984},"Renderable3D":{"model uid":185404650,"diffuse uid":2130157803,"specular uid":2130157803}},"Children":{}}}