{"StartButton":{"Type":"Default","Script Components":{"C_ButtonOnHoverPopup":{}},"Engine Components":{"Transform":{"position_x":-0.5199999809265137,"position_y":-0.019999979063868523,"position_z":2.0,"rotation_x":0.0,"rotation_y":-0.0,"rotation_z":0.0,"scale_x":0.3199999928474426,"scale_y":0.009999999776482582,"scale_z":1.0},"Renderable3D":{"model uid":1879123389,"diffuse uid":656855112,"emissive":0.0},"GUIObject":{"position_x":0.23999999463558197,"position_y":0.49000000953674316,"z_layer":1,"size_x":0.3199999928474426,"size_y":0.009999999776482582,"size_z":1.0,"fixed_ar":false,"ar":1.0,"active":true}},"Children":{}}}