{
    "Tile1": {
        "Type": "Default",
        "Script Components": {},
        "Engine Components": {
            "Transform": {
                "position_x": 0.0,
                "position_y": 0.0,
                "position_z": 0.0,
                "rotation_x": 0.0,
                "rotation_y": -0.0,
                "rotation_z": 0.0,
                "scale_x": 0.47999998927116394,
                "scale_y": 0.47999998927116394,
                "scale_z": 0.47999998927116394
            },
            "Renderable3D": {
                "model uid": 842303435,
                "diffuse uid": 3916083164,
                "specular uid": 652207713
            }
        },
        "Children": {}
    }
}