{"Tile3":{"Type":"Default","Script Components":{},"Engine Components":{"Transform":{"position_x":0.5,"position_y":0.0,"position_z":0.5,"rotation_x":0.0,"rotation_y":-0.0,"rotation_z":0.0,"scale_x":1.0,"scale_y":1.0,"scale_z":1.0}},"Children":{"base":{"Type":"Default","Script Components":{},"Engine Components":{"Transform":{"position_x":0.0,"position_y":0.0,"position_z":0.0,"rotation_x":0.0,"rotation_y":-0.0,"rotation_z":0.0,"scale_x":0.5,"scale_y":0.5,"scale_z":0.5},"Renderable3D":{"model uid":842303435,"diffuse uid":3916083164,"specular uid":3916083164}},"Children":{}},"bunny":{"Type":"Default","Script Components":{},"Engine Components":{"Transform":{"position_x":0.0,"position_y":1.0,"position_z":0.0,"rotation_x":0.0,"rotation_y":-0.0,"rotation_z":0.0,"scale_x":0.5,"scale_y":0.5,"scale_z":0.5},"Renderable3D":{"model uid":234934184,"diffuse uid":3916083164,"specular uid":3916083164}},"Children":{}},"Tinyblock":{"Type":"Prefab","Transform":{"position_x":-0.45000001788139343,"position_y":0.5,"position_z":0.45000001788139343,"rotation_x":0.0,"rotation_y":-0.0,"rotation_z":0.0,"scale_x":0.07999999821186066,"scale_y":0.07999999821186066,"scale_z":0.07999999821186066}},"Tinyblock":{"Type":"Prefab","Transform":{"position_x":-0.3499999940395355,"position_y":0.5,"position_z":0.45000001788139343,"rotation_x":0.0,"rotation_y":-0.0,"rotation_z":0.0,"scale_x":0.07999999821186066,"scale_y":0.07999999821186066,"scale_z":0.07999999821186066}},"Tinyblock":{"Type":"Prefab","Transform":{"position_x":-0.25,"position_y":0.5,"position_z":0.45000001788139343,"rotation_x":0.0,"rotation_y":-0.0,"rotation_z":0.0,"scale_x":0.07999999821186066,"scale_y":0.07999999821186066,"scale_z":0.07999999821186066}},"Tinyblock":{"Type":"Prefab","Transform":{"position_x":-0.15000000596046448,"position_y":0.5,"position_z":0.45000001788139343,"rotation_x":0.0,"rotation_y":-0.0,"rotation_z":0.0,"scale_x":0.07999999821186066,"scale_y":0.07999999821186066,"scale_z":0.07999999821186066}},"Tinyblock":{"Type":"Prefab","Transform":{"position_x":-0.05000000074505806,"position_y":0.5,"position_z":0.45000001788139343,"rotation_x":0.0,"rotation_y":-0.0,"rotation_z":0.0,"scale_x":0.07999999821186066,"scale_y":0.07999999821186066,"scale_z":0.07999999821186066}},"Tinyblock":{"Type":"Prefab","Transform":{"position_x":0.05000000074505806,"position_y":0.5,"position_z":0.45000001788139343,"rotation_x":0.0,"rotation_y":-0.0,"rotation_z":0.0,"scale_x":0.07999999821186066,"scale_y":0.07999999821186066,"scale_z":0.07999999821186066}},"Tinyblock":{"Type":"Prefab","Transform":{"position_x":0.15000000596046448,"position_y":0.5,"position_z":0.45000001788139343,"rotation_x":0.0,"rotation_y":-0.0,"rotation_z":0.0,"scale_x":0.07999999821186066,"scale_y":0.07999999821186066,"scale_z":0.07999999821186066}},"Tinyblock":{"Type":"Prefab","Transform":{"position_x":0.25,"position_y":0.5,"position_z":0.45000001788139343,"rotation_x":0.0,"rotation_y":-0.0,"rotation_z":0.0,"scale_x":0.07999999821186066,"scale_y":0.07999999821186066,"scale_z":0.07999999821186066}},"Tinyblock":{"Type":"Prefab","Transform":{"position_x":0.3499999940395355,"position_y":0.5,"position_z":0.45000001788139343,"rotation_x":0.0,"rotation_y":-0.0,"rotation_z":0.0,"scale_x":0.07999999821186066,"scale_y":0.07999999821186066,"scale_z":0.07999999821186066}},"Tinyblock":{"Type":"Prefab","Transform":{"position_x":0.45000001788139343,"position_y":0.5,"position_z":0.45000001788139343,"rotation_x":0.0,"rotation_y":-0.0,"rotation_z":0.0,"scale_x":0.07999999821186066,"scale_y":0.07999999821186066,"scale_z":0.07999999821186066}},"Tinyblock":{"Type":"Prefab","Transform":{"position_x":0.550000011920929,"position_y":0.5,"position_z":0.3499999940395355,"rotation_x":0.0,"rotation_y":-0.0,"rotation_z":0.0,"scale_x":0.07999999821186066,"scale_y":0.07999999821186066,"scale_z":0.07999999821186066}},"Tinyblock":{"Type":"Prefab","Transform":{"position_x":0.550000011920929,"position_y":0.5,"position_z":0.25,"rotation_x":0.0,"rotation_y":-0.0,"rotation_z":0.0,"scale_x":0.07999999821186066,"scale_y":0.07999999821186066,"scale_z":0.07999999821186066}},"Tinyblock":{"Type":"Prefab","Transform":{"position_x":0.550000011920929,"position_y":0.5,"position_z":0.15000000596046448,"rotation_x":0.0,"rotation_y":-0.0,"rotation_z":0.0,"scale_x":0.07999999821186066,"scale_y":0.07999999821186066,"scale_z":0.07999999821186066}},"Tinyblock":{"Type":"Prefab","Transform":{"position_x":0.550000011920929,"position_y":0.5,"position_z":0.05000000074505806,"rotation_x":0.0,"rotation_y":-0.0,"rotation_z":0.0,"scale_x":0.07999999821186066,"scale_y":0.07999999821186066,"scale_z":0.07999999821186066}},"Tinyblock":{"Type":"Prefab","Transform":{"position_x":0.550000011920929,"position_y":0.5,"position_z":-0.05000000074505806,"rotation_x":0.0,"rotation_y":-0.0,"rotation_z":0.0,"scale_x":0.07999999821186066,"scale_y":0.07999999821186066,"scale_z":0.07999999821186066}},"Tinyblock":{"Type":"Prefab","Transform":{"position_x":0.550000011920929,"position_y":0.5,"position_z":-0.15000000596046448,"rotation_x":0.0,"rotation_y":-0.0,"rotation_z":0.0,"scale_x":0.07999999821186066,"scale_y":0.07999999821186066,"scale_z":0.07999999821186066}},"Tinyblock":{"Type":"Prefab","Transform":{"position_x":0.550000011920929,"position_y":0.5,"position_z":-0.25,"rotation_x":0.0,"rotation_y":-0.0,"rotation_z":0.0,"scale_x":0.07999999821186066,"scale_y":0.07999999821186066,"scale_z":0.07999999821186066}},"Tinyblock":{"Type":"Prefab","Transform":{"position_x":0.550000011920929,"position_y":0.5,"position_z":-0.3499999940395355,"rotation_x":0.0,"rotation_y":-0.0,"rotation_z":0.0,"scale_x":0.07999999821186066,"scale_y":0.07999999821186066,"scale_z":0.07999999821186066}},"Tinyblock":{"Type":"Prefab","Transform":{"position_x":0.550000011920929,"position_y":0.5,"position_z":-0.45000001788139343,"rotation_x":0.0,"rotation_y":-0.0,"rotation_z":0.0,"scale_x":0.07999999821186066,"scale_y":0.07999999821186066,"scale_z":0.07999999821186066}},"Tinyblock":{"Type":"Prefab","Transform":{"position_x":0.45000001788139343,"position_y":0.5,"position_z":-0.45000001788139343,"rotation_x":0.0,"rotation_y":-0.0,"rotation_z":0.0,"scale_x":0.07999999821186066,"scale_y":0.07999999821186066,"scale_z":0.07999999821186066}},"Tinyblock":{"Type":"Prefab","Transform":{"position_x":0.3499999940395355,"position_y":0.5,"position_z":-0.45000001788139343,"rotation_x":0.0,"rotation_y":-0.0,"rotation_z":0.0,"scale_x":0.07999999821186066,"scale_y":0.07999999821186066,"scale_z":0.07999999821186066}},"Tinyblock":{"Type":"Prefab","Transform":{"position_x":0.25,"position_y":0.5,"position_z":-0.45000001788139343,"rotation_x":0.0,"rotation_y":-0.0,"rotation_z":0.0,"scale_x":0.07999999821186066,"scale_y":0.07999999821186066,"scale_z":0.07999999821186066}},"Tinyblock":{"Type":"Prefab","Transform":{"position_x":0.15000000596046448,"position_y":0.5,"position_z":-0.45000001788139343,"rotation_x":0.0,"rotation_y":-0.0,"rotation_z":0.0,"scale_x":0.07999999821186066,"scale_y":0.07999999821186066,"scale_z":0.07999999821186066}},"Tinyblock":{"Type":"Prefab","Transform":{"position_x":0.05000000074505806,"position_y":0.5,"position_z":-0.45000001788139343,"rotation_x":0.0,"rotation_y":-0.0,"rotation_z":0.0,"scale_x":0.07999999821186066,"scale_y":0.07999999821186066,"scale_z":0.07999999821186066}},"Tinyblock":{"Type":"Prefab","Transform":{"position_x":-0.05000000074505806,"position_y":0.5,"position_z":-0.45000001788139343,"rotation_x":0.0,"rotation_y":-0.0,"rotation_z":0.0,"scale_x":0.07999999821186066,"scale_y":0.07999999821186066,"scale_z":0.07999999821186066}},"Tinyblock":{"Type":"Prefab","Transform":{"position_x":-0.15000000596046448,"position_y":0.5,"position_z":-0.45000001788139343,"rotation_x":0.0,"rotation_y":-0.0,"rotation_z":0.0,"scale_x":0.07999999821186066,"scale_y":0.07999999821186066,"scale_z":0.07999999821186066}},"Tinyblock":{"Type":"Prefab","Transform":{"position_x":-0.25,"position_y":0.5,"position_z":-0.45000001788139343,"rotation_x":0.0,"rotation_y":-0.0,"rotation_z":0.0,