{"Tinyblock":{"Type":"Default","Script Components":{},"Engine Components":{"Transform":{"position_x":0.0,"position_y":0.0,"position_z":0.0,"rotation_x":0.0,"rotation_y":-0.0,"rotation_z":0.0,"scale_x":0.07999999821186066,"scale_y":0.07999999821186066,"scale_z":0.07999999821186066},"Renderable3D":{"model uid":842303435,"diffuse uid":3916083164,"specular uid":3916083164}},"Children":{}}}