{"Tinyobject":{"Type":"Default","Script Components":{},"Engine Components":{"Transform":{"position_x":0.6000000238418579,"position_y":1.2000000476837158,"position_z":-0.20000000298023224,"rotation_x":0.0,"rotation_y":-0.0,"rotation_z":0.0,"scale_x":0.10000000149011612,"scale_y":0.10000000149011612,"scale_z":0.10000000149011612},"Renderable3D":{"model uid":842303435,"diffuse uid":3916083164}},"Children":{}}}