{"VFX_Headbutt":{"Type":"Default","Script Components":{},"Engine Components":{"Transform":{"position_x":0.565824568271637,"position_y":0.000010129388101631775,"position_z":1.5,"rotation_x":90.0,"rotation_y":-0.0,"rotation_z":0.0001042727380990982,"scale_x":0.6999434232711792,"scale_y":0.2999989986419678,"scale_z":0.6999911069869995},"Renderable3D":{"model uid":3479746754,"diffuse uid":3657679767,"emissive":100.0,"visible":true,"spritesheetframe":6,"spritesheetcolumns":7,"framerate":0.009999999776482582},"Transparent":{"facing_horizontal":false,"lighting":true}},"Children":{}}}