{"VFX_Rock":{"Type":"Default","Script Components":{"C_VFXRock":{},"C_VFXShow":{"fadeDelay":1.5}},"Engine Components":{"Transform":{"position_x":8.873869895935059,"position_y":-0.03125,"position_z":4.633362293243408,"rotation_x":0.0,"rotation_y":-0.0,"rotation_z":0.0,"scale_x":100.0,"scale_y":100.0,"scale_z":100.0}},"Children":{"rock_1":{"Type":"Prefab","Transform":{"position_x":1.040909767150879,"position_y":0.012831496074795723,"position_z":1.603963851928711,"rotation_x":-0.0013818035367876291,"rotation_y":-65.66722106933594,"rotation_z":0.0012940533924847841,"scale_x":0.9999998211860657,"scale_y":0.9999975562095642,"scale_z":0.9999998211860657}},"rock_2":{"Type":"Prefab","Transform":{"position_x":0.0021791458129882813,"position_y":0.06343218684196472,"position_z":0.0006422996520996094,"rotation_x":0.007759432308375835,"rotation_y":75.55035400390625,"rotation_z":0.007854060269892216,"scale_x":1.0000001192092896,"scale_y":0.9998753666877747,"scale_z":0.9999961853027344}},"rock_2":{"Type":"Prefab","Transform":{"position_x":2.5587844848632813,"position_y":-0.018642961978912354,"position_z":0.7465667724609375,"rotation_x":0.0021807565353810787,"rotation_y":-83.916748046875,"rotation_z":0.0007777063292451203,"scale_x":0.9999998807907104,"scale_y":0.9999999403953552,"scale_z":0.9999998807907104}}}}}