{"VFX_Rock":{"Type":"Default","Script Components":{"C_VFXShow":{"fadeDelay":1.5}},"Engine Components":{"Transform":{"position_x":14.966954231262207,"position_y":0.0,"position_z":0.0,"rotation_x":0.0,"rotation_y":-0.0,"rotation_z":0.0,"scale_x":1.0,"scale_y":1.0,"scale_z":1.0}},"Children":{"Rock":{"Type":"Prefab","Transform":{"position_x":-0.7620553970336914,"position_y":0.0,"position_z":0.0,"rotation_x":0.0,"rotation_y":-0.0,"rotation_z":0.0,"scale_x":1.0,"scale_y":1.0,"scale_z":1.0}},"Rock":{"Type":"Prefab","Transform":{"position_x":1.1957368850708008,"position_y":-8.653856168987228e-13,"position_z":0.5225561261177063,"rotation_x":179.99989318847656,"rotation_y":54.29370880126953,"rotation_z":-179.99948120117188,"scale_x":0.9999995231628418,"scale_y":0.9999951720237732,"scale_z":0.9999995231628418}},"Rock":{"Type":"Prefab","Transform":{"position_x":0.0,"position_y":0.0,"position_z":1.315706729888916,"rotation_x":0.0,"rotation_y":67.65290069580078,"rotation_z":0.0,"scale_x":0.9999998807907104,"scale_y":1.0,"scale_z":0.9999998807907104}},"Rock":{"Type":"Prefab","Transform":{"position_x":0.5420036315917969,"position_y":0.0,"position_z":-1.1905927658081055,"rotation_x":-179.99989318847656,"rotation_y":-55.96009826660156,"rotation_z":179.99989318847656,"scale_x":0.9999998211860657,"scale_y":1.0,"scale_z":0.9999998211860657}}}}}