{"VFX_Explosion":{"Type":"Default","Script Components":{"C_VFXExplosion":{},"C_VFXShow":{"fadeDelay":1.0}},"Engine Components":{"Transform":{"position_x":0.0,"position_y":0.0,"position_z":0.0,"rotation_x":179.99948120117188,"rotation_y":1.151350975036621,"rotation_z":179.9996337890625,"scale_x":60.00088119506836,"scale_y":60.0,"scale_z":60.00019836425781}},"Children":{"ExplosionOrange":{"Type":"Prefab","Transform":{"position_x":-1.0167773962020874,"position_y":0.9130803346633911,"position_z":-0.6470547914505005,"rotation_x":-177.6678466796875,"rotation_y":0.0000012408742122715921,"rotation_z":-55.21954345703125,"scale_x":0.5,"scale_y":0.4999999701976776,"scale_z":0.4999999403953552}},"ExplosionYellow":{"Type":"Prefab","Transform":{"position_x":-0.3252423405647278,"position_y":0.7562596797943115,"position_z":-1.3354594707489014,"rotation_x":-128.91830444335938,"rotation_y":-0.000012524053090601228,"rotation_z":-55.33606719970703,"scale_x":0.9999947547912598,"scale_y":0.9999998807907104,"scale_z":1.0}},"ExplosionBlack":{"Type":"Prefab","Transform":{"position_x":-0.8118208050727844,"position_y":1.508809208869934,"position_z":-1.3603441715240479,"rotation_x":-90.0,"rotation_y":-0.0,"rotation_z":0.0,"scale_x":0.7999468445777893,"scale_y":0.800000011920929,"scale_z":0.800000011920929},"PointLight":{"colour_x":1.0,"colour_y":1.0,"colour_z":1.0,"ambient_x":1.0,"ambient_y":1.0,"ambient_z":1.0,"diffuse_x":1.0,"diffuse_y":1.0,"diffuse_z":1.0,"specular_x":1.0,"specular_y":1.0,"specular_z":1.0}},"ExplosionBlack":{"Type":"Prefab","Transform":{"position_x":0.22405332326889038,"position_y":0.5422598719596863,"position_z":-2.1156058311462402,"rotation_x":0.0,"rotation_y":-0.0,"rotation_z":0.0,"scale_x":0.4000000059604645,"scale_y":0.4000000059604645,"scale_z":0.4000000059604645}},"ExplosionOrange":{"Type":"Prefab","Transform":{"position_x":0.0,"position_y":0.4472770690917969,"position_z":-0.886121928691864,"rotation_x":0.0,"rotation_y":-0.0,"rotation_z":0.0,"scale_x":0.75,"scale_y":0.75,"scale_z":0.75}}}}}