{"VFX_Thrust2":{"Type":"Default","Script Components":{},"Engine Components":{"Transform":{"position_x":-5.0,"position_y":0.0,"position_z":5.0,"rotation_x":89.99994659423828,"rotation_y":-0.000005008955213270383,"rotation_z":-179.99989318847656,"scale_x":0.6999841928482056,"scale_y":0.7000000476837158,"scale_z":0.699999988079071},"Renderable3D":{"model uid":3479746754,"diffuse uid":3657679767,"emissive":100.0,"visible":true,"spritesheetframe":5,"spritesheetcolumns":11,"framerate":0.0},"Transparent":{"facing_horizontal":false,"lighting":true}},"Children":{}}}