{"VFX_Rock":{"Type":"Default","Script Components":{},"Engine Components":{"Transform":{"position_x":8.873869895935059,"position_y":-0.03125,"position_z":4.633362293243408,"rotation_x":0.0,"rotation_y":-0.0,"rotation_z":0.0,"scale_x":1.0,"scale_y":1.0,"scale_z":1.0}},"Children":{"rock_1":{"Type":"Prefab","Transform":{"position_x":0.0,"position_y":0.0,"position_z":-1.103646993637085,"rotation_x":-179.9996337890625,"rotation_y":52.11457443237305,"rotation_z":-179.9996337890625,"scale_x":0.9999998211860657,"scale_y":0.9999976754188538,"scale_z":0.9999998211860657}},"rock_2":{"Type":"Prefab","Transform":{"position_x":-0.004563331604003906,"position_y":0.03125,"position_z":1.701399326324463,"rotation_x":179.99949645996094,"rotation_y":70.1429672241211,"rotation_z":179.99935913085938,"scale_x":0.9999978542327881,"scale_y":1.0,"scale_z":0.9999978542327881}}}}}