{
    "Current Theme": "Custom Theme",
    "Custom Theme": {
        "Button": [
            0.6000000238418579,
            0.6000000238418579,
            0.6000000238418579,
            1.0
        ],
        "Button Hover": [
            0.5,
            0.5,
            0.5,
            1.0
        ],
        "Menu Bar Bg": [
            0.6000000238418579,
            0.6000000238418579,
            0.6000000238418579,
            1.0
        ],
        "Window Bg": [
            0.5,
            0.5,
            0.5,
            1.0
        ],
        "Title Bg": [
            0.6000000238418579,
            0.6000000238418579,
            0.6000000238418579,
            1.0
        ],
        "Title Active Bg": [
            0.6000000238418579,
            0.6000000238418579,
            0.6000000238418579,
            1.0
        ],
        "Popup Bg": [
            0.800000011920929,
            0.800000011920929,
            0.800000011920929,
            1.0
        ],
        "Frame Bg": [
            0.8999999761581421,
            0.8999999761581421,
            0.8999999761581421,
            1.0
        ],
        "Border": [
            0.5,
            0.5,
            0.5,
            1.0
        ],
        "Text": [
            0.0,
            0.0,
            0.0,
            1.0
        ],
        "Seperator": [
            0.800000011920929,
            0.800000011920929,
            0.800000011920929,
            1.0
        ]
    },
    "Light Theme": {
        "Button": [
            0.6000000238418579,
            0.6000000238418579,
            0.6000000238418579,
            1.0
        ],
        "Button Hover": [
            0.5,
            0.5,
            0.5,
            1.0
        ],
        "Menu Bar Bg": [
            0.6000000238418579,
            0.6000000238418579,
            0.6000000238418579,
            1.0
        ],
        "Window Bg": [
            0.5,
            0.5,
            0.5,
            1.0
        ],
        "Title Bg": [
            0.6000000238418579,
            0.6000000238418579,
            0.6000000238418579,
            1.0
        ],
        "Title Active Bg": [
            0.6000000238418579,
            0.6000000238418579,
            0.6000000238418579,
            1.0
        ],
        "Popup Bg": [
            0.800000011920929,
            0.800000011920929,
            0.800000011920929,
            1.0
        ],
        "Frame Bg": [
            0.8999999761581421,
            0.8999999761581421,
            0.8999999761581421,
            1.0
        ],
        "Border": [
            0.5,
            0.5,
            0.5,
            1.0
        ],
        "Text": [
            0.0,
            0.0,
            0.0,
            1.0
        ],
        "Seperator": [
            0.800000011920929,
            0.800000011920929,
            0.800000011920929,
            1.0
        ]
    },
    "Dark Theme": {
        "Button": [
            0.6000000238418579,
            0.6000000238418579,
            0.6000000238418579,
            1.0
        ],
        "Button Hover": [
            0.5,
            0.5,
            0.5,
            1.0
        ],
        "Menu Bar Bg": [
            0.6000000238418579,
            0.6000000238418579,
            0.6000000238418579,
            1.0
        ],
        "Window Bg": [
            0.5,
            0.5,
            0.5,
            1.0
        ],
        "Title Bg": [
            0.6000000238418579,
            0.6000000238418579,
            0.6000000238418579,
            1.0
        ],
        "Title Active Bg": [
            0.6000000238418579,
            0.6000000238418579,
            0.6000000238418579,
            1.0
        ],
        "Popup Bg": [
            0.800000011920929,
            0.800000011920929,
            0.800000011920929,
            1.0
        ],
        "Frame Bg": [
            0.8999999761581421,
            0.8999999761581421,
            0.8999999761581421,
            1.0
        ],
        "Border": [
            0.5,
            0.5,
            0.5,
            1.0
        ],
        "Text": [
            0.0,
            0.0,
            0.0,
            1.0
        ],
        "Seperator": [
            0.800000011920929,
            0.800000011920929,
            0.800000011920929,
            1.0
        ]
    }
}