{"Colour Pallete 1":[0.0,0.0,0.0,1.0],"Colour Pallete 2":[0.5,0.5,0.5,1.0],"Colour Pallete 3":[0.6000000238418579,0.6000000238418579,0.6000000238418579,1.0],"Colour Pallete 4":[0.800000011920929,0.800000011920929,0.800000011920929,1.0],"Colour Pallete 5":[0.8999999761581421,0.8999999761581421,0.8999999761581421,1.0]}