{"NIL":{"Type":"Default","Script Components":{"C_Example1_Paired":{"b":false,"i":1,"f":631.8302001953125,"s":"example"},"Example1_RandomComponent":{},"C_MyNewScript":{"mynewcomponent":"hello222222222222"}},"Engine Components":{"Transform":{"position_x":3.0732614994049072,"position_y":0.976128876209259,"position_z":0.980504035949707,"rotation_x":0.0,"rotation_y":-0.0,"rotation_z":0.0,"scale_x":2.929999828338623,"scale_y":2.929999828338623,"scale_z":2.929999828338623}},"Children":{"prefabv3":{"Type":"Prefab","Transform":{"position_x":1.4904987812042236,"position_y":0.0,"position_z":-2.0971412658691406,"rotation_x":0.0,"rotation_y":-0.0,"rotation_z":0.0,"scale_x":0.9999370574951172,"scale_y":0.9999370574951172,"scale_z":0.9999370574951172}},"prefabv3":{"Type":"Prefab","Transform":{"position_x":-0.9311080574989319,"position_y":0.0,"position_z":-1.8264037370681763,"rotation_x":0.0,"rotation_y":-0.0,"rotation_z":0.0,"scale_x":0.9998632073402405,"scale_y":0.9998632073402405,"scale_z":0.9998632073402405}}}}}